Orden,Provincia,Codigo,Departamento/Partido,Cantidad de filiales,Hay filiales,Mas de cinco filiales,Mas de cincuenta filiales,Pisos con revestimiento,Agua por cañeria dentro     de la vivienda,Agua para beber y cocinar por red publica,Baño o letrina dentro de la vivienda,Dos o mas baños,Baño con inodoro con arrastre de agua,Desagüe del inodoro del baño a red publica,Gas de red o electricidad para cocinar,Vivienda propia,Internet,Celular con internet,Computadora. tablet. etc.,Inspeccion en plazo,Equipo de inspeccion
1,BUENOS AIRES,BA,25 DE MAYO,6,SI,NO,NO,90.9,95.4,87,98,23.1,95.1,57.7,53.1,64.9,72.8,85.5,53.8,SI,SI
2,BUENOS AIRES,BA,9 DE JULIO,3,SI,SI,NO,93.6,96.7,79.8,98.9,26.1,96.5,69.9,66.6,64.8,81.4,89,58.2,SI,SI
3,BUENOS AIRES,BA,ADOLFO ALSINA,7,SI,NO,NO,95.6,97.2,90.4,98.8,18.1,97.5,49.7,75.7,69.2,80.9,88.3,56.4,SI,NO
4,BUENOS AIRES,BA,ADOLFO GONZALES CHAVES,3,SI,SI,NO,96.4,97.4,91.1,99,22.7,97.8,53.1,69.4,68.7,78.4,88.2,60,SI,SI
5,BUENOS AIRES,BA,ALBERTI,3,SI,SI,NO,93,96.3,71.3,98.2,27,96.2,77.1,61.3,69.2,79.2,87.6,58.3,NO,NO
6,BUENOS AIRES,BA,ALMIRANTE BROWN,24,SI,NO,NO,83.7,90.5,54.8,96.3,20.3,85.4,41.4,65.1,73.3,83,91.6,55.9,NO,NO
7,BUENOS AIRES,BA,ARRECIFES,6,SI,NO,NO,89.9,96.9,95.4,97.8,21.9,95,73.9,59.4,69.7,79.7,88.3,51.5,SI,SI
8,BUENOS AIRES,BA,AVELLANEDA,18,SI,NO,NO,92.9,96.4,96.6,96.4,23.7,94.3,81.1,78.2,64,85.6,92.4,65.3,SI,NO
9,BUENOS AIRES,BA,AYACUCHO,2,SI,SI,NO,92.6,97,89.4,99,24.5,98.1,82.9,68.9,64.8,74.3,85.7,51.7,NO,SI
10,BUENOS AIRES,BA,AZUL,8,SI,NO,NO,93.8,96.2,93.1,98.1,25.1,95.3,81.4,78.2,67.9,76.6,87.7,58,NO,NO
11,BUENOS AIRES,BA,BAHIA BLANCA,36,SI,NO,NO,95.4,97.1,96.4,98.5,29.5,96.7,83.8,85.1,61.3,85.9,92.8,69.6,NO,NO
12,BUENOS AIRES,BA,BALCARCE,8,SI,NO,NO,91.6,96.4,90.3,97.9,27.5,95.8,82.2,68.1,65.4,75.9,86.2,57.6,SI,SI
13,BUENOS AIRES,BA,BARADERO,3,SI,SI,NO,89.7,96.1,93.4,97.3,21.4,92.6,68.4,54.1,68.4,76.2,89.2,55,SI,SI
14,BUENOS AIRES,BA,BENITO JUAREZ,5,SI,NO,NO,94.8,97.5,90.2,99.2,22.6,98,65.5,79.7,66.5,74,85.5,56.5,SI,SI
15,BUENOS AIRES,BA,BERAZATEGUI,13,SI,NO,NO,85.8,95,89.8,96.7,23.1,90,77.1,67.4,71.1,86.3,92.7,58.3,NO,SI
16,BUENOS AIRES,BA,BERISSO,4,SI,SI,NO,85,91.5,91.5,95.7,22.9,87.2,50.2,63.2,73.6,82.1,90.9,57.2,SI,NO
17,BUENOS AIRES,BA,BOLIVAR,22,SI,NO,NO,94,97.8,92,98.8,23.4,97.3,79.1,68.3,64.8,74.3,85.5,53.7,SI,NO
18,BUENOS AIRES,BA,BRAGADO,7,SI,NO,NO,92.8,96.7,86.8,98.6,25.5,95.4,69.9,70.2,71.1,85.3,90,59.4,SI,SI
19,BUENOS AIRES,BA,BRANDSEN,3,SI,SI,NO,86.4,93.3,63.3,97.7,23.1,91,47.4,42,69,68.5,87.5,52.2,SI,NO
20,BUENOS AIRES,BA,CAMPANA,6,SI,NO,NO,87.8,94.2,89.4,96.4,26.7,88.1,55.2,63.4,67.3,80.7,91.8,60.2,NO,NO
21,BUENOS AIRES,BA,CAÑUELAS,5,SI,NO,NO,80,87.8,34,96.5,20.7,85.1,27.6,33,71.4,76.9,90.5,51.1,NO,SI
22,BUENOS AIRES,BA,CAPITAN SARMIENTO,3,SI,SI,NO,92.1,97.2,92.3,98.1,23.9,96.4,90.1,69.7,64.8,82.6,89.6,58.1,NO,SI
23,BUENOS AIRES,BA,CARLOS CASARES,4,SI,SI,NO,91.8,95.3,75.1,98.6,23.1,95.4,82.8,67.4,67.5,81.7,88.9,57.1,SI,NO
24,BUENOS AIRES,BA,CARLOS TEJEDOR,3,SI,SI,NO,91.5,92.4,67.4,97.8,17.8,95.1,9.3,52.7,68.3,83.1,88.6,56.8,NO,NO
25,BUENOS AIRES,BA,CARMEN DE ARECO,3,SI,SI,NO,88.5,95.7,84.6,98.2,20.7,93,57.2,53.5,66.5,74.9,88.2,51.3,NO,NO
26,BUENOS AIRES,BA,CASTELLI,2,SI,SI,NO,93.6,95.3,81.3,98.3,19.5,96.8,79,57.4,63.1,77.5,86.8,50.9,SI,SI
27,BUENOS AIRES,BA,CHACABUCO,9,SI,NO,NO,92.7,96.3,92.1,98.3,22.9,95.9,82.9,62.7,66.9,79.6,88,55.8,SI,SI
28,BUENOS AIRES,BA,CHASCOMUS,11,SI,NO,NO,92.5,95.5,73.6,98.7,25.2,93.9,62.9,59.2,66.4,79.7,89.5,57.9,SI,NO
29,BUENOS AIRES,BA,CHIVILCOY,10,SI,NO,NO,92.9,96.1,82.3,98.4,25.3,95.1,76.2,71.5,65.1,82.1,89,60.5,NO,SI
30,BUENOS AIRES,BA,COLON,8,SI,NO,NO,92,96.3,81.9,98.6,18.5,94.3,74.7,60.4,72.5,76.9,87,50.6,SI,SI
31,BUENOS AIRES,BA,CORONEL DE MARINA L ROSALES,4,SI,SI,NO,95.8,97.2,95.7,99.2,22.6,97.7,77,82.8,59.9,89.4,93,68.5,SI,SI
32,BUENOS AIRES,BA,CORONEL DORREGO,4,SI,SI,NO,96.4,97.7,84.2,99.3,18.7,97.8,72.7,75.5,68.6,77.7,87.4,56.7,SI,NO
33,BUENOS AIRES,BA,CORONEL PRINGLES,5,SI,NO,NO,94.7,96.3,90.5,98.8,24.9,96.3,80,66.1,69.5,81.6,88.5,58.6,SI,NO
34,BUENOS AIRES,BA,CORONEL SUAREZ,8,SI,NO,NO,96.9,97.6,87.4,99.2,24.6,98.4,54.5,81.3,71.9,82.4,88.6,61,NO,NO
35,BUENOS AIRES,BA,DAIREAUX,4,SI,SI,NO,92.1,95.9,86.2,98.2,18.2,96.5,69.5,58,65.9,79.8,86.8,57.4,NO,SI
36,BUENOS AIRES,BA,DOLORES,3,SI,SI,NO,93.6,91.2,72.7,98.2,26.3,91.9,56.6,61.8,69.9,78.3,87.3,58.3,SI,SI
37,BUENOS AIRES,BA,ENSENADA,3,SI,SI,NO,85.5,91.9,94.7,96.2,20.9,87.6,61.7,60.1,71.8,81.7,91.3,56.6,NO,SI
38,BUENOS AIRES,BA,ESCOBAR,17,SI,NO,NO,84.1,89.3,27.6,96,29.4,86,21.8,48.6,68.7,82.6,92.4,59,SI,NO
39,BUENOS AIRES,BA,ESTEBAN ECHEVERRIA,6,SI,NO,NO,81.1,89.4,61,95.9,23.3,84.8,50.4,61.2,70.4,82.4,92.1,54.5,SI,NO
40,BUENOS AIRES,BA,EXALTACION DE LA CRUZ,3,SI,SI,NO,86.6,92.7,57,96.2,31.3,90.9,45.5,50.3,66.3,74.6,91.1,58.1,SI,NO
41,BUENOS AIRES,BA,EZEIZA,9,SI,NO,NO,78,87.7,49.4,96,20,82.8,35.7,55,72.9,76.8,91.7,51.4,SI,SI
42,BUENOS AIRES,BA,FLORENCIO VARELA,13,SI,NO,NO,72.5,87.5,83.2,94.5,15,77.7,46.8,45.4,73.6,77.9,90.3,44.6,NO,SI
43,BUENOS AIRES,BA,FLORENTINO AMEGHINO,2,SI,SI,NO,91.9,96.2,88.4,97.8,19.2,96.5,77.8,69,69.5,79.4,87.9,54.5,SI,NO
44,BUENOS AIRES,BA,GENERAL ALVARADO,3,SI,SI,NO,91.4,96.1,88,98.3,27.3,94.6,69.4,58.2,67.6,68.4,88.2,53.3,NO,NO
45,BUENOS AIRES,BA,GENERAL ALVEAR,2,SI,SI,NO,93.9,95.5,85.6,99,20.3,96.6,68.3,65,66.4,76.8,88.8,52.9,SI,SI
46,BUENOS AIRES,BA,GENERAL ARENALES,4,SI,SI,NO,92.9,96.3,87,99.1,24.1,96.6,54.2,68.1,73.9,82.7,88.3,59.2,NO,NO
47,BUENOS AIRES,BA,GENERAL BELGRANO,3,SI,SI,NO,92.1,95.7,83.4,98.7,20.8,95.7,45,66.9,65.5,77,86.5,52.5,NO,NO
48,BUENOS AIRES,BA,GENERAL GUIDO,1,SI,SI,NO,89.1,94,78.8,97.4,13,94.5,5.9,53.8,65.3,68.3,85.1,48.2,SI,NO
49,BUENOS AIRES,BA,GENERAL JUAN MADARIAGA,2,SI,SI,NO,91.7,90.3,54.8,98.1,22.8,90.7,56.9,56.2,66.7,72.2,86.4,51.9,NO,NO
50,BUENOS AIRES,BA,GENERAL LA MADRID,3,SI,SI,NO,95.2,95.2,75.8,98.6,19,96.4,29.1,65.4,69.9,81.7,87.2,55.5,NO,SI
51,BUENOS AIRES,BA,GENERAL LAS HERAS,2,SI,SI,NO,89.8,93.5,60.2,98.1,21.5,91.4,36,46.6,62.5,77.2,89.8,55.2,SI,NO
52,BUENOS AIRES,BA,GENERAL LAVALLE,1,SI,SI,NO,87.3,90.6,59.3,98.6,15.8,87.7,42.2,32.4,74.2,70.1,88.5,49.9,NO,SI
53,BUENOS AIRES,BA,GENERAL PAZ,1,SI,SI,NO,87.2,94.5,82.7,97.7,19.1,92.6,61,54.3,64.3,68,83.8,48.1,SI,SI
54,BUENOS AIRES,BA,GENERAL PINTO,2,SI,SI,NO,91.7,96.5,85.5,98.6,18.1,95.1,76.1,49.2,69.2,63.7,85.4,49.6,NO,SI
55,BUENOS AIRES,BA,GENERAL PUEYRREDON,60,SI,NO,SI,94.2,96.9,91.8,98.9,31.7,96.3,87.4,81.3,62.1,84.7,92.6,66.6,NO,SI
56,BUENOS AIRES,BA,GENERAL RODRIGUEZ,5,SI,NO,NO,72.8,82.2,26.3,95.8,17.2,76.2,24.2,27.8,75.5,67.1,90,44,SI,NO
57,BUENOS AIRES,BA,GENERAL SAN MARTIN,37,SI,NO,NO,92.3,96.2,97,97.4,24.5,93.1,76.1,75.9,64.4,84,92,63.3,SI,NO
58,BUENOS AIRES,BA,GENERAL VIAMONTE,0,NO,SI,NO,90.8,92.2,52.9,97,20.9,93.1,66,52.5,69.7,81.1,88.1,60.3,NO,NO
59,BUENOS AIRES,BA,GENERAL VILLEGAS,6,SI,NO,NO,90.6,93.2,31.3,97.9,19.5,94.1,48.5,30.2,68,79.5,88.2,54.8,SI,SI
60,BUENOS AIRES,BA,GUAMINI,5,SI,NO,NO,95.5,97.4,86.6,99.3,19.1,98.1,62.7,67.3,68.1,80.5,88.9,58,SI,NO
61,BUENOS AIRES,BA,HIPOLITO YRIGOYEN,2,SI,SI,NO,92.8,96.6,88.9,98.8,23,96.3,78.8,77.3,66,78.2,87.2,57.6,SI,SI
62,BUENOS AIRES,BA,HURLINGHAM,7,SI,NO,NO,91.7,94.9,45.3,97.9,24.7,92.2,56.1,78.3,66.9,85.8,92.3,62.2,NO,NO
63,BUENOS AIRES,BA,ITUZAINGO,21,SI,NO,NO,92.7,95,25.9,98.5,33.8,92.9,38.7,81.1,71.5,87.3,93,67.7,NO,SI
64,BUENOS AIRES,BA,JOSE C PAZ,5,SI,NO,NO,78.4,84.5,14.5,95.9,16.2,75.8,8.1,40.6,72.4,77.3,90.3,45.7,NO,NO
65,BUENOS AIRES,BA,JUNIN,10,SI,NO,NO,93.5,97.3,91.2,98.4,28.6,96.4,86.5,67,65.4,84.4,91.8,66.2,NO,SI
66,BUENOS AIRES,BA,LA COSTA,7,SI,NO,NO,91.3,93.9,26.4,98.8,25.8,93.1,69.2,42.8,61.2,76.3,90.3,52.4,SI,SI
67,BUENOS AIRES,BA,LA MATANZA,62,SI,NO,SI,80.1,91.3,90.7,94.6,19.2,83.6,58.8,57.1,67.5,79.6,90.8,51.3,SI,NO
68,BUENOS AIRES,BA,LA PLATA,55,SI,NO,SI,89.4,94.9,87.9,97.1,30.7,92.2,69.5,74.7,62.6,85.4,93.1,71,SI,SI
69,BUENOS AIRES,BA,LANUS,32,SI,NO,NO,92.3,96.4,96.2,96.6,24.2,93,57.5,79.2,65.6,86.5,92,64.5,SI,SI
70,BUENOS AIRES,BA,LAPRIDA,2,SI,SI,NO,96.4,98.3,91.7,99.3,21.3,98.6,78.8,78.1,69.4,81.4,87.8,54.8,NO,SI
71,BUENOS AIRES,BA,LAS FLORES,5,SI,NO,NO,92.8,95.6,91.1,98.3,23.9,95.9,73.4,67.7,71,68.2,83.4,50.4,SI,NO
72,BUENOS AIRES,BA,LEANDRO N ALEM,2,SI,SI,NO,91.5,95.1,64.5,98,20.2,94.9,76.8,64.8,68.7,74.3,87.1,54.3,SI,SI
73,BUENOS AIRES,BA,LEZAMA,1,SI,SI,NO,94.4,97.5,86.3,99.2,23.1,98.3,78.9,68.6,64.3,79.6,89.9,57.4,NO,NO
74,BUENOS AIRES,BA,LINCOLN,7,SI,NO,NO,93.5,95.4,72.8,98.9,21.3,95.9,62.7,66.1,66.6,80.9,87.9,56.1,NO,NO
75,BUENOS AIRES,BA,LOBERIA,2,SI,SI,NO,91.8,97.2,87,98.8,21.6,97.8,77.2,67.8,67.6,72.3,86.3,53.3,SI,SI
76,BUENOS AIRES,BA,LOBOS,3,SI,SI,NO,91.3,93.3,61.9,97.5,23,93.7,30.3,63.2,65.9,83.7,90.2,56.4,SI,NO
77,BUENOS AIRES,BA,LOMAS DE ZAMORA,18,SI,NO,NO,84.8,92.1,94.5,94.1,25,86.7,47.8,66.2,70,82.3,91.2,59.7,SI,NO
78,BUENOS AIRES,BA,LUJAN,11,SI,NO,NO,89.3,93.9,56.4,98.1,27.2,91.5,38.1,65.4,65.8,80.2,91.6,61.3,NO,SI
79,BUENOS AIRES,BA,MAGDALENA,3,SI,SI,NO,88.3,94.1,76.8,97.2,21.5,93.3,57.1,37,59.7,80.8,88.8,57.5,SI,NO
80,BUENOS AIRES,BA,MAIPU,9,SI,NO,NO,92.8,95.4,92.9,98.2,20.4,95.9,73.8,65.3,68,73.2,86.6,55.7,SI,NO
81,BUENOS AIRES,BA,MALVINAS ARGENTINAS,8,SI,NO,NO,84.8,89.5,14.1,96.4,20.8,82.9,9.3,54.7,68.8,82.2,91.4,54.8,SI,SI
82,BUENOS AIRES,BA,MAR CHIQUITA,3,SI,SI,NO,93.5,95.7,60.2,98.9,26.6,96.1,30.9,48.2,67.7,71.9,90.8,56.8,SI,SI
83,BUENOS AIRES,BA,MARCOS PAZ,3,SI,SI,NO,78.8,91,83.4,96.4,16.7,82.8,40.6,36.9,70.7,74.5,90.3,48.1,SI,SI
84,BUENOS AIRES,BA,MERCEDES,11,SI,NO,NO,90.7,95.6,80.3,98.3,27.6,93.5,68.2,67.3,62.6,85.2,91.4,60.5,SI,SI
85,BUENOS AIRES,BA,MERLO,16,SI,NO,NO,78.7,87.3,41.4,95.8,17,79.1,39.5,45.9,72.2,79.2,90.8,49,NO,SI
86,BUENOS AIRES,BA,MINAS,2,SI,SI,NO,91,95.2,73.9,98.4,21.4,95.5,58.2,50.7,61.5,74.2,87.6,51.7,SI,NO
87,BUENOS AIRES,BA,MONTE,3,SI,SI,NO,94.3,97.8,84.5,99.1,23.1,96,71.5,69.6,59.4,80.9,92.3,55.6,NO,NO
88,BUENOS AIRES,BA,MORENO,15,SI,NO,NO,75.5,85.4,35.8,95.2,18.1,76.9,32.2,35,74,75.7,90.7,45.3,SI,SI
89,BUENOS AIRES,BA,MORON,32,SI,NO,NO,95.9,97.6,88,99,32.8,96.2,79.5,90.5,63.4,89.1,93.1,70.8,NO,NO
90,BUENOS AIRES,BA,NAVARRO,4,SI,SI,NO,90.7,95.7,87.4,97.9,18.2,94,62.5,44,63,83.3,88.8,51.3,SI,SI
91,BUENOS AIRES,BA,NECOCHEA,15,SI,NO,NO,94.7,97.5,93,99.1,28.9,97,80.1,77.2,65.6,83.4,91.4,62.9,SI,SI
92,BUENOS AIRES,BA,OLAVARRIA,15,SI,NO,NO,95.5,96.3,88.1,98.9,24.4,95.6,51.7,87.4,63.8,81.6,89.6,64.8,NO,SI
93,BUENOS AIRES,BA,PATAGONES,6,SI,NO,NO,91.2,94.7,95,95.8,21.9,96.1,74.3,88.3,63.8,79.8,89.4,59.7,SI,NO
94,BUENOS AIRES,BA,PEHUAJO,7,SI,NO,NO,93.6,90.1,44.9,98.3,22.1,92.1,48.9,70.9,65.9,74.2,87.5,54.2,NO,SI
95,BUENOS AIRES,BA,PELLEGRINI,1,SI,SI,NO,94.1,96.4,80.7,99.3,19.5,96.8,81.7,80,64.7,67.9,87,52.8,NO,SI
96,BUENOS AIRES,BA,PERGAMINO,17,SI,NO,NO,90.4,96.4,89.8,97.9,25.7,94.1,82.2,63.2,67.7,76.5,88.4,59.1,NO,SI
97,BUENOS AIRES,BA,PILA,1,SI,SI,NO,91.9,96.5,78.2,99,17.2,95.8,72.4,52.6,67,69.5,84.7,47.6,SI,SI
98,BUENOS AIRES,BA,PILAR,24,SI,NO,NO,82.3,88.3,35.6,96.1,30.2,84.2,24.4,41.2,69.6,80.7,92.1,58.6,NO,NO
99,BUENOS AIRES,BA,PINAMAR,3,SI,SI,NO,94,96.8,77.3,98.6,39,95.8,36.5,73.8,54.2,89.2,93.8,65,NO,SI
100,BUENOS AIRES,BA,PRESIDENTE PERON,1,SI,SI,NO,67.6,84.1,62.5,94.8,14.7,73.3,38.1,42.5,77.5,79.4,91.4,43,SI,SI
101,BUENOS AIRES,BA,PUAN,7,SI,NO,NO,96.1,97.6,90.7,99.4,19.3,98.7,37.7,83.4,70.2,79.4,86.6,60.1,SI,NO
102,BUENOS AIRES,BA,PUNTA INDIO,2,SI,SI,NO,89.5,95.1,76.8,98.6,19.5,94.9,66.8,36.9,65.1,81.3,87.5,57.6,SI,NO
103,BUENOS AIRES,BA,QUILMES,30,SI,NO,NO,85.6,93.1,95,95.7,24.3,87.6,78.9,65.8,70.2,82.1,91.1,58.4,NO,NO
104,BUENOS AIRES,BA,RAMALLO,5,SI,NO,NO,89.2,96.1,94.8,97.1,21.9,93.9,78.8,51.6,70.9,72.9,87,51.7,NO,SI
105,BUENOS AIRES,BA,RAUCH,2,SI,SI,NO,95.1,96.5,87.8,98.4,25.8,97.7,81.8,78.4,65.3,64.4,82.6,52.7,SI,SI
106,BUENOS AIRES,BA,RIVADAVIA,3,SI,SI,NO,93.9,96,39.7,99,20.6,96.6,66.3,52.5,66.9,82.2,89.8,59.4,SI,SI
107,BUENOS AIRES,BA,ROJAS,5,SI,NO,NO,91.3,97.6,92.2,98.7,21.4,96,80.7,63.5,70.4,79.1,89.2,60.2,SI,NO
108,BUENOS AIRES,BA,ROQUE PEREZ,3,SI,SI,NO,93.5,95.6,60,98.5,18.4,96.3,60.2,64.7,63.7,84.7,89.8,55.1,SI,NO
109,BUENOS AIRES,BA,SAAVEDRA,5,SI,NO,NO,97.2,98.6,94.7,99.4,25.7,99.1,74.3,85.7,64,85.4,90.4,65,NO,NO
110,BUENOS AIRES,BA,SALADILLO,6,SI,NO,NO,92.9,97.1,88.8,98.9,22.2,96.6,64.2,65.1,65.2,77.8,87.3,56.1,SI,NO
111,BUENOS AIRES,BA,SALLIQUELO,4,SI,SI,NO,96.1,96.9,88,99.3,20.1,97.2,50.7,82.7,67.9,85.1,89.7,60.8,NO,NO
112,BUENOS AIRES,BA,SALTO,5,SI,NO,NO,90,95.9,91.9,97.9,22.1,93.5,49.2,52.9,65.5,83.9,90,55.1,SI,SI
113,BUENOS AIRES,BA,SAN ANDRES DE GILES,3,SI,SI,NO,86.6,93,72.9,96.2,20.9,90.9,44.5,51.3,61.2,82.2,89.3,55.4,NO,NO
114,BUENOS AIRES,BA,SAN ANTONIO DE ARECO,3,SI,SI,NO,93.6,97.5,82.1,98.5,27.7,97,46.4,66.7,65.9,83.6,90.8,63.8,NO,SI
115,BUENOS AIRES,BA,SAN CAYETANO,21,SI,NO,NO,94.9,98.6,87.7,99.2,22,98,80.8,80.2,69.4,79.5,88.6,60.8,NO,NO
116,BUENOS AIRES,BA,SAN FERNANDO,14,SI,NO,NO,92,96.6,96.9,97.3,25.3,94.1,93.1,73.5,61.9,82.8,91.9,62.8,NO,NO
117,BUENOS AIRES,BA,SAN ISIDRO,58,SI,NO,SI,95.5,98.2,98,98.9,47.9,97,94.6,87.9,66.8,89.4,93.3,77.5,NO,NO
118,BUENOS AIRES,BA,SAN MIGUEL,19,SI,NO,NO,87.3,92.1,42.8,97.4,25.3,86.9,49.7,64.2,63.8,83.6,92.4,59.9,SI,SI
119,BUENOS AIRES,BA,SAN NICOLAS,10,SI,NO,NO,88.7,96.6,97.8,97.6,23.1,93.7,90.8,74.7,69.1,76.6,89,57.4,NO,NO
120,BUENOS AIRES,BA,SAN PEDRO,2,SI,SI,NO,86.4,94.6,93.3,96,21.4,90.9,79,50.6,68.2,72.9,86.1,50.1,NO,NO
121,BUENOS AIRES,BA,SAN VICENTE,3,SI,SI,NO,71.6,84.7,46.6,95.7,17.1,79.6,43.7,41.3,77.4,72.6,90.9,47.6,SI,SI
122,BUENOS AIRES,BA,SUIPACHA,1,SI,SI,NO,92.1,95.7,75.9,98.2,25.4,95.8,53.4,71.3,67.3,83.7,89.8,59.3,SI,SI
123,BUENOS AIRES,BA,TANDIL,14,SI,NO,NO,95.9,97.7,94,99.1,29.2,97.2,86,82,57.8,83.2,91.9,68,SI,NO
124,BUENOS AIRES,BA,TAPALQUE,2,SI,SI,NO,93.4,94,76.8,98.3,20,97,73.1,76,64.2,77.9,86.8,51.6,NO,SI
125,BUENOS AIRES,BA,TIGRE,33,SI,NO,NO,89.1,93.9,72.7,96.9,33,90.8,34.9,60.7,66.8,87.2,93.1,64.6,SI,NO
126,BUENOS AIRES,BA,TORDILLO,1,SI,SI,NO,88.3,91,61.7,97.6,11.1,91.8,30.7,42.3,68.5,69.6,91.2,42.5,SI,NO
127,BUENOS AIRES,BA,TORNQUIST,3,SI,SI,NO,95.7,98.3,90,99.2,23.5,98.4,48.2,66.3,61.4,87.3,91.3,63.5,SI,SI
128,BUENOS AIRES,BA,TRENQUE LAUQUEN,6,SI,NO,NO,96,97.7,77.9,99.2,25.2,97.8,86.6,78.7,64.1,86.4,91.4,62.8,NO,NO
129,BUENOS AIRES,BA,TRES ARROYOS,11,SI,NO,NO,96.1,97.9,92,99.1,28.5,97.2,71.4,77.6,66.7,83,90.4,65.2,NO,SI
130,BUENOS AIRES,BA,TRES DE FEBRERO,35,SI,NO,NO,95.8,97.9,96.6,98.7,25.1,96.5,94.2,88.6,61.8,86.4,92.6,68.1,NO,SI
131,BUENOS AIRES,BA,VERA,6,SI,NO,NO,93.6,97.2,92.1,99,16.9,96.6,61.9,78.7,69.8,82.2,87.6,57.1,NO,SI
132,BUENOS AIRES,BA,VICENTE LOPEZ,46,SI,NO,NO,97.8,98.9,98.6,99.4,46.8,98.7,98.4,94.3,63.5,91.9,94.1,82.2,SI,NO
133,BUENOS AIRES,BA,VILLA GESELL,3,SI,SI,NO,90,96.2,89.1,98.8,29.1,94.2,59.9,53.3,60,79.9,91.7,58.9,NO,SI
134,BUENOS AIRES,BA,VILLARINO,6,SI,NO,NO,85.9,87.8,88.3,87.9,17.2,90,33.3,49.3,65,74.8,88,47.2,NO,SI
135,BUENOS AIRES,BA,ZARATE,12,SI,NO,NO,85.2,93.4,88,96,24.2,87.6,63.2,57.7,70,79.3,90.9,57.9,NO,NO
136,CABA,AEP,CABA,817,SI,NO,SI,97.6,98.7,98.2,98.1,36.6,98.6,99.2,94,52.9,90.6,94,81.3,NO,NO
137,CATAMARCA,CA,AMBATO,0,NO,SI,NO,60.6,89,86.6,91,17.8,93.1,4,1.8,80.7,36.8,79.1,39,NO,NO
138,CATAMARCA,CA,ANCASTI,0,NO,SI,NO,39.7,62.9,59,72.5,13.6,75.2,6,2.3,88.6,33,59.4,29.1,SI,NO
139,CATAMARCA,CA,ANDALGALA,1,SI,SI,NO,72.7,89.7,92.9,88.4,18.7,93.6,23.9,1.6,80,36.1,79.5,46.4,NO,NO
140,CATAMARCA,CA,ANTOFAGASTA DE LA SIERRA,0,NO,SI,NO,53,84,90.2,85.4,11.9,91.1,42.6,1.3,80.3,45.2,73,35.4,NO,NO
141,CATAMARCA,CA,BELEN,1,SI,SI,NO,67.4,87.5,90.7,87.1,16.2,93.4,57.3,2,78.4,60.4,80.1,43.7,NO,SI
142,CATAMARCA,CA,CAPAYAN,0,NO,SI,NO,63.6,81.4,74.8,87.4,11.7,83.7,3.6,2.4,84.7,41.3,79,36.1,NO,NO
143,CATAMARCA,CA,CAPITAL,7,SI,NO,NO,87.1,95.5,98.3,95.5,27.4,94.8,91.3,35.1,75.1,83.7,91.6,58.3,SI,SI
144,CATAMARCA,CA,EL ALTO,0,NO,SI,NO,50.7,71.7,83.3,78.5,10.8,81.4,3.8,1.8,85.1,23.3,64.2,25.7,SI,SI
145,CATAMARCA,CA,FRAY MAMERTO,0,NO,SI,NO,81.8,94.1,98.5,94,21.1,94.8,8.6,13,82.9,70.3,90,56.2,NO,SI
146,CATAMARCA,CA,LA PAZ,0,NO,SI,NO,64.2,76.4,90.8,84,12.7,78.6,27.9,6.5,80.8,27.6,78.4,35.2,NO,SI
147,CATAMARCA,CA,PACLIN,0,NO,SI,NO,68.5,91.2,90.9,91.9,17,94.9,41.1,2,83.6,52.2,80,38.1,SI,SI
148,CATAMARCA,CA,POMAN,1,SI,SI,NO,64.9,88.8,89.9,91.4,13.1,91.4,1.2,1.8,82.4,40.9,82.8,43.9,NO,NO
149,CATAMARCA,CA,SANTA MARIA,2,SI,SI,NO,68.7,86.3,93.2,86.1,18.2,92,40.4,2.1,73.7,68.6,80,45.1,SI,SI
150,CATAMARCA,CA,SANTA ROSA,1,SI,SI,NO,63.6,81.1,89.9,86.1,12.1,87.5,1.4,1.7,82,33.4,79,34.8,NO,SI
151,CATAMARCA,CA,TINOGASTA,2,SI,SI,NO,69.9,86.8,88.9,89.9,14.6,90.9,26.4,3,77.5,41.9,77.5,37.9,NO,SI
152,CATAMARCA,CA,VALLE VIEJO,1,SI,SI,NO,80.6,91.8,97.1,93.6,25.6,92.7,2.8,16.5,81.8,76.3,88.6,58.7,NO,SI
153,CORDOBA,CB,CALAMUCHITA,7,SI,NO,NO,89.2,94.5,87.4,97,21,95.4,13.5,24.7,61.1,69.5,88.4,54.2,SI,NO
154,CORDOBA,CB,CAPITAL,124,SI,NO,SI,92.7,96.9,98.3,98,27.8,96.7,56.9,71,52,83.7,92.1,65.6,NO,SI
155,CORDOBA,CB,COLON,16,SI,NO,NO,88.1,95,93.2,97.3,29.9,94.9,18.2,32.5,64.9,76.7,90.1,59.3,NO,NO
156,CORDOBA,CB,CRUZ DEL EJE,4,SI,SI,NO,75,86.6,91.7,91.7,13.3,89.1,19.7,5.1,69.1,50.4,76.4,36.8,NO,SI
157,CORDOBA,CB,GENERAL ROCA,9,SI,NO,NO,89.5,92.7,53.1,97.5,16.1,94.4,33.6,18.1,67.8,77.8,87.7,52.6,NO,SI
158,CORDOBA,CB,GENERAL SAN MARTIN,19,SI,NO,NO,94.3,97.2,94.1,98.4,23.1,97.3,81.9,75.6,56.3,84.6,91.4,61.5,SI,NO
159,CORDOBA,CB,ISCHILIN,2,SI,SI,NO,82.4,89.2,91.8,92.7,15.1,90.5,3.1,27,68,58,78.6,42.2,NO,SI
160,CORDOBA,CB,JUAREZ CELMAN,16,SI,NO,NO,93.2,97.2,92.1,98.1,20.4,97.6,54.2,58.7,63.5,79.5,89.3,56.7,SI,NO
161,CORDOBA,CB,MARCOS JUAREZ,26,SI,NO,NO,95.2,96.8,92.9,98.6,26.6,97.6,48.4,66.3,67.7,80.7,89,58.7,SI,SI
162,CORDOBA,CB,MINAS,0,NO,SI,NO,59.8,77.6,71.9,88.1,8,82.8,2.9,0.8,76.1,31.3,64.6,24.6,NO,NO
163,CORDOBA,CB,POCHO,1,SI,SI,NO,54.5,77.3,55.4,87.7,10,88.6,1.4,0.6,74.9,23,69.1,24.7,NO,SI
164,CORDOBA,CB,PRESIDENTE ROQUE SAENZ PEÑA,8,SI,NO,NO,93.2,91.5,80.1,98.1,19.9,94.6,52.7,46.3,64.8,81.1,88.3,57.5,NO,NO
165,CORDOBA,CB,PUNILLA,13,SI,NO,NO,91,95.5,89.5,98.4,26,96.1,29.7,27.9,57.6,73.7,89.3,56.3,SI,NO
166,CORDOBA,CB,RIO CUARTO,40,SI,NO,NO,92.8,97.3,94.9,98.3,23.3,97,71.2,64.9,59.7,78.9,88.9,59.1,NO,NO
167,CORDOBA,CB,RIO PRIMERO,7,SI,NO,NO,87.9,92.6,88,93.5,16.6,94.1,5.4,15.6,62.3,70.1,86.2,47.4,SI,NO
168,CORDOBA,CB,RIO SECO,1,SI,SI,NO,66.2,80.5,81.5,89.5,9.9,84.7,2.8,2.3,73.6,29.2,73.8,29.5,SI,SI
169,CORDOBA,CB,RIO SEGUNDO,20,SI,NO,NO,92.4,96.3,96.2,97.4,23.4,97.3,18.1,62.5,64.9,77.4,88.2,55.1,SI,SI
170,CORDOBA,CB,SAN ALBERTO,2,SI,SI,NO,79.5,91.1,85.3,95.4,16.7,93.4,1.9,4.5,69.5,55.4,82.5,43.3,NO,NO
171,CORDOBA,CB,SAN JAVIER,3,SI,SI,NO,80.4,90.9,93.1,93.7,18.2,91.9,2.7,21.1,66.8,64.5,84,46.6,NO,SI
172,CORDOBA,CB,SAN JUSTO,43,SI,NO,NO,94.7,96.4,89.5,96.8,25.3,97.3,44.2,42.3,60.3,82.6,89.9,58.2,SI,NO
173,CORDOBA,CB,SANTA MARIA,8,SI,NO,NO,87.2,93,87,96.6,24.4,94.3,27.8,32.5,66.4,71.8,88.3,55.3,SI,NO
174,CORDOBA,CB,SOBREMONTE,1,SI,SI,NO,67.9,80.4,57.2,91.4,9.8,85.2,0.7,0.6,74.7,29.5,69.5,24.2,NO,NO
175,CORDOBA,CB,SOBREMONTE,1,SI,SI,NO,67.9,80.4,57.2,91.4,9.8,85.2,0.7,0.6,74.7,29.5,69.5,24.2,NO,NO
176,CORDOBA,CB,TERCERO ARRIBA,20,SI,NO,NO,93.7,97.3,96.9,98.5,25.1,98,50.1,66.5,63.5,80.7,89.1,59.2,SI,NO
177,CORDOBA,CB,TOTORAL,2,SI,SI,NO,83,92.7,90,95.2,18.5,94.7,3.1,30.9,66,56,84.9,44.6,NO,SI
178,CORDOBA,CB,TULUMBA,1,SI,SI,NO,66.7,84.2,81.5,89.8,9.5,87.5,2.4,1.5,72.5,43.2,73.5,29.5,NO,NO
179,CORDOBA,CB,UNION,24,SI,NO,NO,93.5,96.5,95.4,97.8,22.4,96.9,45.8,54.4,66.6,80.3,88.9,56.6,SI,NO
180,CHACO,CH,ALMIRANTE BROWN,3,SI,SI,NO,56.4,47.7,39.6,66.2,13.2,55.4,1.9,1.9,80.7,52.1,80.6,33.1,NO,NO
181,CHACO,CH,BERMEJO,2,SI,SI,NO,58.7,79.5,86.1,87.7,11.1,77.7,16.9,2,79.8,54.4,81.6,37.3,NO,NO
182,CHACO,CH,CHACABUCO,2,SI,SI,NO,80.1,64,20.5,82,19.1,73,10.5,3.7,72.3,66.8,84.5,49.2,NO,SI
183,CHACO,CH,COMANDANTE FERNANDEZ,7,SI,NO,NO,75.7,74,79.9,87.7,18,76.5,36,4.2,71.8,60.1,84.7,50.5,NO,NO
184,CHACO,CH,12 DE OCTUBRE,1,SI,SI,NO,76.6,57.2,28.1,82.2,12.7,67.4,1.3,1.5,74.4,62.1,84.5,41.6,NO,SI
185,CHACO,CH,2 DE ABRIL,1,SI,SI,NO,77.1,52.8,1.6,79.5,19.3,63.7,1.5,2,72.7,64.8,82.9,40.5,SI,SI
186,CHACO,CH,FRAY JUSTO SANTA MARIA DE ORO,2,SI,SI,NO,76.6,49,34.5,78.2,18.8,61.8,2.5,2.9,72.1,64.9,84.8,43.9,NO,NO
187,CHACO,CH,GENERAL BELGRANO,1,SI,SI,NO,62.3,42.7,13.9,64.9,14.3,52.2,2.4,2.5,82.1,57.1,78.4,38.9,NO,NO
188,CHACO,CH,CORONEL DONOVAN,0,NO,SI,NO,63.6,83.7,88.8,88,9.6,80.9,8.5,2.2,81.6,65,83.6,38.4,SI,NO
189,CHACO,CH,GENERAL GUEMES,2,SI,SI,NO,55.8,59.3,70.5,62.3,15.1,56.4,8.1,2.5,80,45.2,69.9,32.2,SI,NO
190,CHACO,CH,INDEPENDENCIA,2,SI,SI,NO,61.7,37.7,27.1,71.5,10.7,49.4,4.3,1.7,81.4,45.9,76.2,28,SI,NO
191,CHACO,CH,LIBERTAD ,0,NO,SI,NO,67.8,82.1,85.6,89.8,12.2,82,54.7,3.5,79.1,57.9,84.6,42.3,NO,NO
192,CHACO,CH,LIBERTADOR GENERAL SAN MARTIN,2,SI,SI,NO,57.2,73.2,88.9,77.8,12.4,70.8,25.7,2.9,77.2,56.6,74.4,35.4,SI,SI
193,CHACO,CH,MAIPU,2,SI,SI,NO,52.5,48.7,38.7,67.6,9.7,57.8,15.4,1.8,79.4,41.1,70.5,26.9,SI,SI
194,CHACO,CH,MAYOR LUIS J FONTANA,3,SI,SI,NO,77.2,70.2,76.7,86,14.6,74,30.9,3,74.1,61,83.1,44.3,SI,SI
195,CHACO,CH,9 DE JULIO,2,SI,SI,NO,71.1,53.3,7,73.1,17.1,62.7,2.9,2.8,77.2,55.9,79.3,42.2,SI,SI
196,CHACO,CH,O'HIGGINS,1,SI,SI,NO,71.9,61.8,79.4,79.5,10.9,67.9,4.6,1.8,76.3,53.8,79.1,34.9,SI,NO
197,CHACO,CH,PRESIDENCIA DE LA PLAZA,1,SI,SI,NO,55.6,79.6,90.5,83.3,9.7,71.2,42.9,1.7,76,59.4,79.8,33.4,SI,SI
198,CHACO,CH,1° DE MAYO,0,NO,SI,NO,66.7,82.8,85.4,89.1,14.4,81.8,5,2.7,78.1,59.2,84.1,46,NO,NO
199,CHACO,CH,QUITILIPI,2,SI,SI,NO,60.4,63.2,78.6,78.5,13.2,63.8,34.7,3.6,76.1,46.4,77,35.9,NO,SI
200,CHACO,CH,SAN FERNANDO,20,SI,NO,NO,78.9,90.3,97.3,93.5,22.2,86.5,58.7,7.4,71.9,78.2,90.2,58.2,SI,NO
201,CHACO,CH,SAN LORENZO,2,SI,SI,NO,60.3,50.7,69,78.2,9.4,58.9,3.9,2.9,80.3,49.2,74.6,30.5,SI,NO
202,CHACO,CH,SARGENTO CABRAL,2,SI,SI,NO,54.2,70.1,81.4,82.9,11.2,66.1,10.8,2,80.8,49.5,78.9,34.4,SI,SI
203,CHACO,CH,TAPENAGA,0,NO,SI,NO,55.2,67.4,63.6,80.5,7.1,66.1,28.7,1.3,68.7,39.8,69.9,30.2,SI,SI
204,CHACO,CH,25 DE MAYO,2,SI,SI,NO,49.7,65.9,80.1,72,11.3,60.4,32.6,3.5,81.7,47.5,72.3,30.9,NO,SI
205,CORRIENTES,CR,BELLA VISTA,4,SI,SI,NO,68,82.2,79.1,84.9,16.7,83.1,55.2,2.2,75.4,55.7,83,42.5,SI,NO
206,CORRIENTES,CR,BERON DE ASTRADA,1,SI,SI,NO,54,76.1,90,81,12,82.8,7.4,2.7,83,17.6,78.5,27.9,NO,SI
207,CORRIENTES,CR,CAPITAL,20,SI,NO,NO,77.6,93,96.8,93.3,23.9,91.1,80.3,7.4,65.5,70.9,90.1,57.4,NO,SI
208,CORRIENTES,CR,CONCEPCION,2,SI,SI,NO,42.2,66,89.2,64.4,10.6,75,6.5,1.5,81,25.8,73.8,23.6,SI,NO
209,CORRIENTES,CR,CURUZU CUATIA,4,SI,SI,NO,74.9,89.5,89.4,89.2,17.1,86.7,76.9,2.6,72.3,67.7,83.5,43.9,NO,SI
210,CORRIENTES,CR,EMPEDRADO,1,SI,SI,NO,54.7,76,72.1,79.7,15.4,79.5,10.5,1.9,79,40.1,80.4,31.8,SI,NO
211,CORRIENTES,CR,ESQUINA,2,SI,SI,NO,60,74.6,62.9,82,17.1,77.1,49.2,3.3,71.5,58.9,78.9,40.7,NO,NO
212,CORRIENTES,CR,GENERAL ALVEAR,1,SI,SI,NO,71.8,89.9,90.3,89.6,17.6,87.8,25.8,2.1,72.5,43.9,79.9,34.6,SI,SI
213,CORRIENTES,CR,GENERAL PAZ,3,SI,SI,NO,51.5,79.6,83,77.9,15.6,78.1,40.6,2.5,77.9,29.7,76.4,28.6,SI,SI
214,CORRIENTES,CR,GOYA,4,SI,SI,NO,70.2,83.6,85.4,83.9,18.4,83.5,66.3,3.5,71.7,55.3,81.2,42.1,SI,NO
215,CORRIENTES,CR,ITATI,1,SI,SI,NO,56.3,85.6,79.4,84.9,21.1,82.4,28.7,1.9,76.4,31,79.4,27.5,NO,NO
216,CORRIENTES,CR,ITUZAINGO,3,SI,SI,NO,73.4,84.5,90.2,86.7,23.1,86.2,30.8,2.5,68.6,41.9,84.3,42,SI,NO
217,CORRIENTES,CR,LAVALLE,4,SI,SI,NO,44.9,63.8,73.7,67.5,10.3,66.8,35.2,2,75.5,35.6,78.8,26.5,NO,SI
218,CORRIENTES,CR,MBURUCUYA,1,SI,SI,NO,46.4,75.6,82.5,79.5,13.7,81.1,34.8,1.4,79.2,22.1,74,23.3,NO,SI
219,CORRIENTES,CR,MERCEDES,4,SI,SI,NO,75.1,93,90.6,93.7,17.5,90.9,69.1,2.7,74.9,61.4,83,43.3,SI,NO
220,CORRIENTES,CR,MONTE CASEROS,1,SI,SI,NO,82,93.6,90.5,93.3,16.3,92.3,84.2,2.2,68.8,67.9,84.3,48.7,NO,SI
221,CORRIENTES,CR,PASO DE LOS LIBRES,8,SI,NO,NO,76.4,90.6,88,92.2,20.8,89.2,70.1,4.6,69.3,54.8,83.8,45.6,SI,SI
222,CORRIENTES,CR,SALADAS,2,SI,SI,NO,54.7,77.9,84,78.9,14.1,77.8,44.4,2,76.9,40.4,78.6,32.8,SI,NO
223,CORRIENTES,CR,SAN COSME,2,SI,SI,NO,65.3,84.3,67.1,88.6,23.1,87.9,5.2,2.8,76.4,54.6,84.3,42.9,SI,NO
224,CORRIENTES,CR,SAN LUIS DEL PALMAR,2,SI,SI,NO,47.9,73,76.9,75.8,13,72.7,39.1,1.4,78.7,57.9,78.7,36,SI,SI
225,CORRIENTES,CR,SAN MARTIN,1,SI,SI,NO,69.2,91.1,91.3,91.1,13.7,89.8,45.2,2.1,73.5,34.8,77.9,30.4,SI,SI
226,CORRIENTES,CR,SAN MIGUEL,0,NO,SI,NO,41,67.2,85.5,64.1,12.4,68.2,4.7,1.9,78.4,31.8,77.8,31.9,NO,SI
227,CORRIENTES,CR,SAN ROQUE,1,SI,SI,NO,53,81,88.5,85.1,12.8,84.4,32.7,1.5,79.7,42.8,78.4,32,NO,NO
228,CORRIENTES,CR,SANTO TOME,6,SI,NO,NO,81.4,91.5,91.5,91.2,16.8,91.4,69,4,66.6,60.1,86.6,49.1,SI,NO
229,CORRIENTES,CR,SAUCE,2,SI,SI,NO,62.8,85.4,88.4,88.3,13.8,84.5,58.4,1.8,77.7,63.6,80.2,38.8,SI,SI
230,CHUBUT,CT,BIEDMA,7,SI,NO,NO,92.3,96.3,98.1,97.4,28.6,95.4,82.7,87.3,59.6,86.3,94.5,66.6,SI,SI
231,CHUBUT,CT,CUSHAMEN,4,SI,SI,NO,92.1,91.7,78.2,93.4,14.5,93.3,24.3,71.8,66,65.1,76.7,54.6,NO,SI
232,CHUBUT,CT,ESCALANTE,23,SI,NO,NO,95.1,96.7,98.4,97.8,28.4,96.5,88.9,90.3,60.5,78.4,92.5,66.1,SI,NO
233,CHUBUT,CT,FLORENTINO AMEGHINO,1,SI,SI,NO,90.7,91.8,83.8,98.2,12.7,97.5,5.2,73.6,56,76,83.9,48.4,NO,SI
234,CHUBUT,CT,FUTALEUFU,8,SI,NO,NO,94.3,96.6,94,96.7,21.8,97.3,87.1,91.9,59.2,81,90.7,65.6,NO,SI
235,CHUBUT,CT,GAIMAN,2,SI,SI,NO,92.7,95.5,95,96.7,17.8,95.1,45.3,83.5,63.1,74.3,87.9,56.3,SI,NO
236,CHUBUT,CT,GASTRE,0,NO,SI,NO,67.5,74.9,65.6,80.3,7.5,72,9.9,33.5,69.5,47.1,51.3,31.2,SI,NO
237,CHUBUT,CT,LANGUIÑEO,0,NO,SI,NO,87.1,90.4,82.3,91.8,7.1,88.9,68.7,45.2,68.1,63.4,67.1,38.2,SI,NO
238,CHUBUT,CT,MARTIRES,0,NO,SI,NO,81.9,86.7,66,90.4,6.7,86.9,59.2,1,59.8,48.9,55,25,SI,NO
239,CHUBUT,CT,PASO DE INDIOS,1,SI,SI,NO,84.7,89.8,80.2,92.4,6.7,87.7,55.2,30.9,68.8,51,66.7,33.9,SI,SI
240,CHUBUT,CT,RAWSON,13,SI,NO,NO,95.1,97.3,98.6,98,30.5,96.7,89,95.1,62.8,79.9,92.1,63.8,NO,SI
241,CHUBUT,CT,RIO SENGUER,2,SI,SI,NO,93.6,95.9,87.7,96.6,14.7,96.4,62.4,73.8,53.5,73.7,84,53.6,NO,NO
242,CHUBUT,CT,SARMIENTO,2,SI,SI,NO,95.5,98,96.4,98.3,19.8,97.6,85.1,94,53.7,79.9,90,61.1,NO,SI
243,CHUBUT,CT,TEHUELCHES,1,SI,SI,NO,91.3,95,91.2,96.5,10.1,96.3,54.9,85.1,61.7,66.8,79.9,46.1,NO,SI
244,CHUBUT,CT,TELSEN,0,NO,SI,NO,82.3,90.2,81.2,92.5,8.4,87.7,41.9,25.6,59.4,55.9,70.8,40,SI,NO
245,ENTRE RIOS,ER,COLON,8,SI,NO,NO,93.3,97.5,89.1,98,19.7,97.1,80.2,31.9,62.7,77.5,88.3,56.8,NO,SI
246,ENTRE RIOS,ER,CONCORDIA,8,SI,NO,NO,80.8,93.3,94.2,94.1,21.7,90.2,84.1,22.4,67.9,74.7,88.2,54,SI,SI
247,ENTRE RIOS,ER,DIAMANTE,6,SI,NO,NO,91.7,96.3,88.3,97.6,23,95.5,65.3,37.8,64.1,76,87.1,59,NO,NO
248,ENTRE RIOS,ER,FEDERACION,6,SI,NO,NO,89.3,96.1,89.4,95.9,19.4,96.8,86.6,18.7,67.2,74.6,88.1,50.8,SI,NO
249,ENTRE RIOS,ER,FEDERAL,2,SI,SI,NO,75.8,91,87.4,91,15.1,90.1,64.8,11.5,70.3,66,84.4,44.9,NO,SI
250,ENTRE RIOS,ER,FELICIANO,3,SI,SI,NO,69.7,86.9,84.4,87,14,86.1,70,7.6,75.6,65.7,82,42.9,NO,NO
251,ENTRE RIOS,ER,GUALEGUAY,4,SI,SI,NO,88.7,95.8,89.9,97,23,95.4,82.9,36.5,67.1,69.1,85.8,52.8,SI,SI
252,ENTRE RIOS,ER,GUALEGUAYCHU,8,SI,NO,NO,92.2,97.5,90.9,98.4,25.7,96.6,88.9,41.2,64.7,77.5,89,61,SI,NO
253,ENTRE RIOS,ER,ISLAS DEL IBICUY,2,SI,SI,NO,82.5,85.5,68.4,92.5,17.1,86.8,39.2,2.5,67.5,58,86.6,42,SI,SI
254,ENTRE RIOS,ER,LA PAZ,4,SI,SI,NO,75.5,91.3,89.4,92,16.8,88.6,74.8,14.7,70.1,67.9,84.2,45.1,SI,SI
255,ENTRE RIOS,ER,NOGOYA,5,SI,NO,NO,89.3,95.5,85.8,95.8,19.1,94.2,78,30.5,69.3,70.3,83.2,50.1,NO,NO
256,ENTRE RIOS,ER,PARANA,37,SI,NO,NO,91.4,97.3,95.5,97.8,26.2,95.5,79.3,48.4,66.1,82.2,90.6,65.2,NO,SI
257,ENTRE RIOS,ER,SAN SALVADOR,1,SI,SI,NO,87.8,96.6,92.8,96.2,17.4,97,88.8,17.4,68.3,73.6,85.5,52.2,NO,SI
258,ENTRE RIOS,ER,TALA,4,SI,SI,NO,86.5,95,88.9,96.1,18,94.1,74,29.9,66.8,65,80.2,45.3,SI,NO
259,ENTRE RIOS,ER,URUGUAY,13,SI,NO,NO,91.4,96.7,89.1,97.6,19.9,95.9,86.4,31.6,64.5,78.2,88.2,61.8,SI,NO
260,ENTRE RIOS,ER,VICTORIA,2,SI,SI,NO,84.9,93.7,90.2,95.8,22,94.1,75.6,25.4,66.2,65.1,85.2,52.6,NO,NO
261,ENTRE RIOS,ER,VILLAGUAY,4,SI,SI,NO,82.9,94.3,88.1,94.4,18.4,93.6,79.2,19.7,64.8,71.2,84.5,46.9,NO,SI
262,FORMOSA,FO,BERMEJO,0,NO,SI,NO,30.5,24.1,47.9,35.8,8.6,30.2,1.8,0.8,82.3,29.5,51,16.6,NO,SI
263,FORMOSA,FO,FORMOSA,11,SI,NO,NO,75.8,90.1,95.9,91,22,88.1,73.8,4.2,68.6,72.1,89.4,50,NO,SI
264,FORMOSA,FO,LAISHI,0,NO,SI,NO,48.9,66,75,76.5,10.7,64.9,9.9,1.4,77.4,42.4,77.8,26.4,SI,NO
265,FORMOSA,FO,MATACOS,0,NO,SI,NO,41.3,45.1,77.5,52.2,10,46.2,1.8,1.9,74.3,43.6,69,27.6,NO,NO
266,FORMOSA,FO,PATIÑO,4,SI,SI,NO,49.4,49.1,51.6,62.6,11.2,51.4,3.4,1.8,74.8,40.6,71,26.6,SI,SI
267,FORMOSA,FO,PILAGAS,0,NO,SI,NO,48.9,54.5,26.2,73.2,10.4,61.3,3.1,1.1,82.8,42,77.6,24.2,NO,NO
268,FORMOSA,FO,PILCOMAYO,3,SI,SI,NO,60,69.2,64.1,82.6,17.4,73.2,43,3,77,59.8,83.1,34.4,SI,SI
269,FORMOSA,FO,PIRANE,4,SI,SI,NO,54.4,69.7,80.3,77.9,11.5,68.1,14.1,1.8,75.2,45.6,76.7,30.7,NO,NO
270,FORMOSA,FO,RAMON LISTA,1,SI,SI,NO,13.3,17.6,75.9,17,5,15.6,2.3,1.2,84.6,15.9,36.9,15.2,SI,SI
271,JUJUY,JY,COCHINOCA,1,SI,SI,NO,58.5,57.1,86,51.8,14.6,66.5,35.3,6,76.8,49.1,65.3,29.1,NO,NO
272,JUJUY,JY,DOCTOR MANUEL BELGRANO,16,SI,NO,NO,80.8,93.5,98.1,90.8,28.2,92.1,79.9,54.4,70.5,82,89.2,58.7,SI,SI
273,JUJUY,JY,EL CARMEN,4,SI,SI,NO,68.3,86.9,97.2,82,22.3,86.7,46,30.5,73.7,69.2,85.6,39.9,NO,NO
274,JUJUY,JY,HUMAHUACA,1,SI,SI,NO,61.9,75.5,89.1,70.1,16.3,77.7,45,22.3,78.4,31.5,70.1,33.3,NO,NO
275,JUJUY,JY,LEDESMA,3,SI,SI,NO,65,88.8,96.9,83.1,14.9,85.7,68.5,33.7,78.8,57.3,80.9,36.9,SI,NO
276,JUJUY,JY,PALPALA,1,SI,SI,NO,79.2,92.1,98,89.1,20.2,92.6,85.8,38.6,72,81.3,88,51.9,SI,NO
277,JUJUY,JY,RINCONADA,0,NO,SI,NO,44.1,37.8,56.4,31.2,13.5,49.4,22.1,2.3,85.2,24.3,27.4,11.5,SI,SI
278,JUJUY,JY,SAN ANTONIO,0,NO,SI,NO,70.7,76.6,77,80.5,26.4,81.4,22.9,6.2,75.2,72.8,83.2,50.8,SI,SI
279,JUJUY,JY,SAN PEDRO,2,SI,SI,NO,67.9,91.8,96.2,87,17.4,86.3,76.3,35.4,78.3,55.8,81.1,43.3,SI,SI
280,JUJUY,JY,SANTA BÁRBARA,0,NO,SI,NO,51.6,71.5,87.7,67.5,9.4,74.8,56.2,2,82.4,31.1,74.9,22.9,SI,SI
281,JUJUY,JY,SANTA CATALINA,0,NO,SI,NO,38.8,43.9,73.4,32.7,18.1,53,6.6,2,77.6,12.9,16.4,10.1,SI,SI
282,JUJUY,JY,SUSQUES,0,NO,SI,NO,57.3,65.7,78.7,62.1,16.8,83.1,5.2,1.8,83.5,41.4,55.7,27.6,SI,NO
283,JUJUY,JY,TILCARA,1,SI,SI,NO,63.9,74.1,90.8,67.6,19.4,79.2,35.5,12.5,75.2,34,73,35.4,SI,SI
284,JUJUY,JY,TUMBAYA,0,NO,SI,NO,56.5,64.6,74.6,62.7,15.6,76.1,51.9,3.2,73.2,35.5,66.6,24,NO,SI
285,JUJUY,JY,VALLE GRANDE3,0,NO,SI,NO,38.5,50.4,84.3,43.3,8.9,67.8,10.3,2.3,84.7,33.2,53.7,15,SI,NO
286,JUJUY,JY,YAVI,2,SI,SI,NO,65.5,76,92.4,68,21,77.4,64.4,8,68,43.7,75.5,35.7,NO,NO
287,LA PAMPA,LP,ATREUCO,3,SI,SI,NO,96,98,88.6,99.1,17.7,98.5,46.8,90,66.7,85,88.3,58.6,SI,SI
288,LA PAMPA,LP,CALEU CALEU,1,SI,SI,NO,92.1,96.1,87.9,99.1,16.9,97.4,1.5,87.9,73.4,67.6,84.1,50.2,NO,SI
289,LA PAMPA,LP,CAPITAL,16,SI,NO,NO,96.8,98.3,91.5,99.4,26.4,98.6,90,95.7,60.5,90.6,93.6,69.2,SI,SI
290,LA PAMPA,LP,CATRILO,2,SI,SI,NO,94.1,96.9,85.9,99.1,13.2,97.4,11.6,85.3,66.7,82.1,89.7,57,NO,NO
291,LA PAMPA,LP,CHALILEO,1,SI,SI,NO,81.5,91.6,86.7,97.4,9.3,94.9,3.6,81.6,69.5,62.4,79.6,39.7,NO,NO
292,LA PAMPA,LP,CHAPALEUFU,3,SI,SI,NO,94.4,96.9,75.3,98.9,19.3,97.6,56.4,90.6,68.9,86.7,90.6,59.5,NO,SI
293,LA PAMPA,LP,CHICAL CO,0,NO,SI,NO,68,86.1,81.2,95.4,6.7,93.3,1.6,29.1,74.7,61,65.7,35.1,SI,SI
294,LA PAMPA,LP,CONHELO,4,SI,SI,NO,95.7,98.1,58.3,99.5,18.2,98.6,58.7,89.7,69.2,81.7,87.5,58.6,SI,NO
295,LA PAMPA,LP,CURACO,0,NO,SI,NO,86.1,92.3,82.9,98.4,5.9,95.3,0.9,2.9,61.3,63.2,75,36.7,SI,NO
296,LA PAMPA,LP,GUATRACHE,4,SI,SI,NO,97.3,98.1,82.7,96.7,16.4,97.2,5.2,84.8,70,77.3,80.8,55,SI,NO
297,LA PAMPA,LP,HUCAL,5,SI,NO,NO,96.1,98.2,90,99.1,14.4,99,1.8,88.2,69.2,80.2,86.1,55.6,SI,NO
298,LA PAMPA,LP,LIHUEL CALEL,0,NO,SI,NO,92.9,95.9,56.1,97.1,16.7,96.4,0.6,1.8,52.6,45.6,56.4,34.2,NO,NO
299,LA PAMPA,LP,LIMAY MAHUIDA,0,NO,SI,NO,77.7,88.6,62.1,96.7,10.6,92.2,0.6,0,58,53.8,62.5,33.2,NO,NO
300,LA PAMPA,LP,LOVENTUE,2,SI,SI,NO,91.7,97,88.3,98.6,13.5,98.1,48.3,86.1,70,78.6,85.9,49.6,NO,SI
301,LA PAMPA,LP,MARACO,12,SI,NO,NO,97.1,98.4,86.4,99.4,27.1,98.9,89.1,95.6,61.7,87.4,92.4,66.2,SI,NO
302,LA PAMPA,LP,PUELEN,1,SI,SI,NO,91.2,94,82.2,98.2,11.5,95.7,71.1,81.7,62.2,80.1,90.8,52.7,NO,NO
303,LA PAMPA,LP,QUEMU QUEMU,4,SI,SI,NO,95.6,97.7,87.7,99.2,17.5,98.3,16.9,89.7,70.6,80.9,86.3,59.2,NO,SI
304,LA PAMPA,LP,RANCUL,3,SI,SI,NO,93,97.9,83.5,99.2,13.7,97.9,1.6,87.2,70.6,80.6,86.6,50,NO,NO
305,LA PAMPA,LP,REALICO,5,SI,NO,NO,96.2,98,77.3,99.4,20.5,98.7,65,95.7,70.2,81.4,88.7,61.1,NO,NO
306,LA PAMPA,LP,TOAY,1,SI,SI,NO,94.2,96.7,60.4,99.1,30.8,97.6,53.7,86.2,71,91.2,94.2,69,SI,NO
307,LA PAMPA,LP,TRENEL,1,SI,SI,NO,95.3,97.7,72,99.2,18.4,97.6,60.2,90.8,70.7,80.9,90.1,57.3,SI,NO
308,LA PAMPA,LP,UTRACAN,2,SI,SI,NO,95.2,98,92.9,99.2,18.8,98.3,74.6,88.3,64.5,83.4,89,56.8,NO,SI
309,LA RIOJA,LR,ARAUCO,2,SI,SI,NO,74.2,87.5,89.1,92.7,12.4,91,8.5,5.2,79,63.6,82.2,48.9,NO,SI
310,LA RIOJA,LR,ANGEL VICENTE PEÑALOZA,0,NO,SI,NO,61.5,84.9,80.8,92.1,7.1,88.7,33.2,1.2,87.5,52.3,70.2,36.8,SI,SI
311,LA RIOJA,LR,CAPITAL,9,SI,NO,NO,85.6,93.9,96.2,96.1,20.7,93.6,85.9,26.8,69,82.4,90.7,63.9,NO,SI
312,LA RIOJA,LR,CASTRO BARROS,1,SI,SI,NO,74.7,92.5,92.7,88.1,12,96.3,2,3.7,73.2,67.6,84.8,51.3,NO,NO
313,LA RIOJA,LR,CHAMICAL,2,SI,SI,NO,82.1,93.3,95.2,95.3,12.7,95.3,61.8,17.6,72.7,72.6,85.5,52.2,SI,NO
314,LA RIOJA,LR,CHILECITO,3,SI,SI,NO,82.4,92.5,95.6,93.5,17.3,95,61.2,6.2,73.6,74.6,87,54.6,SI,NO
315,LA RIOJA,LR,FAMATINA,1,SI,SI,NO,70.4,93.3,93.9,93.9,12.8,95.4,2.1,2.4,75.9,68.6,85.1,49.9,NO,SI
316,LA RIOJA,LR,GENERAL BELGRANO,1,SI,SI,NO,70.6,88.1,96,95.1,13.5,93.2,2.8,4.3,73.7,66.4,83.8,51.2,NO,NO
317,LA RIOJA,LR,CORONEL FELIPE VARELA,2,SI,SI,NO,71.2,91.2,91.7,93.2,12.7,96.1,1.3,4.4,74.6,74.5,88.2,57,NO,SI
318,LA RIOJA,LR,FACUNDO QUIROGA,0,NO,SI,NO,49,82.7,88.8,86.2,10.8,88.2,13.5,1.9,83,63,72.9,36.6,SI,SI
319,LA RIOJA,LR,GENERAL LAMADRID,0,NO,SI,NO,73.8,93.8,95.6,95.6,9.9,97.5,0.3,2.1,80.3,73.8,85.9,61.4,NO,NO
320,LA RIOJA,LR,GENERAL OCAMPO,1,SI,SI,NO,71.2,86,48.9,90,12.6,87.3,2,2.7,78,59.5,82.3,46.2,SI,NO
321,LA RIOJA,LR,GENERAL SAN MARTIN,0,NO,SI,NO,67.2,78.8,79.8,90.1,13.1,90.9,0.8,2.4,79,64.8,82.6,47.8,SI,SI
322,LA RIOJA,LR,INDEPENDENCIA,0,NO,SI,NO,57.5,70.7,73.3,84.1,8.2,79.8,1.1,2.5,85.8,55.1,76.3,37.2,NO,SI
323,LA RIOJA,LR,ROSARIO VERA PEÑALOZA,2,SI,SI,NO,73.1,82.6,84.2,87,10.5,87.5,1.2,3.3,72.7,70.5,81.3,45.6,SI,SI
324,LA RIOJA,LR,SAN BLAS DE LOS SAUCES,1,SI,SI,NO,67.5,91.4,91.2,94.4,11.7,96.5,0.7,2.8,80.6,72.9,85.5,50.5,SI,NO
325,LA RIOJA,LR,SANAGASTA,0,NO,SI,NO,82.7,92.7,96.4,95.4,11.6,95.4,1.5,3.9,79.5,80,92.2,54.5,NO,NO
326,LA RIOJA,LR,VINCHINA,1,SI,SI,NO,71.8,91.5,93.4,91.5,13.7,96.2,1.2,2.3,78,70.5,82.3,44.3,NO,NO
327,MISIONES,MI,APOSTOLES,1,SI,SI,NO,81.1,86,88.7,87.1,15.9,87.7,9.5,3,73,53.9,85.1,43.2,NO,SI
328,MISIONES,MI,CAINGUAS,3,SI,SI,NO,87.8,85,69.7,78.3,12.9,79.7,3.9,2.9,78.6,48.7,78.6,32.2,NO,NO
329,MISIONES,MI,CANDELARIA,1,SI,SI,NO,74.4,82.4,86.3,83.4,11.8,82.1,4.9,2.5,78.7,46,81.3,33.9,NO,NO
330,MISIONES,MI,CAPITAL,15,SI,NO,NO,87.4,93.4,95.2,95.5,24.4,93.2,56,10,65.7,79.6,92.5,59,SI,SI
331,MISIONES,,CONCEPCION,0,NO,SI,NO,79.7,83.9,79.2,82,18.9,87.1,7,2.7,74.8,49.8,81.6,38.4,SI,SI
332,MISIONES,MI,ELDORADO,3,SI,SI,NO,85.4,87.3,89,88.2,17.5,88.1,8.7,3.7,70.4,48.6,85.3,39,SI,NO
333,MISIONES,MI,GENERAL MANUEL BELGRANO,2,SI,SI,NO,89.2,82.4,59.1,79.7,16.1,80.9,5.6,1.9,79.2,66.8,87.2,31.6,SI,NO
334,MISIONES,MI,GUARANI,4,SI,SI,NO,87.7,76.6,39.5,73.2,14,75,3.5,2.6,79.3,58.2,81.3,32.4,NO,SI
335,MISIONES,MI,IGUAZU,4,SI,SI,NO,82.4,83.5,74.5,88.2,19.4,88,13.8,3.6,74.4,59.8,85.4,41.1,NO,NO
336,MISIONES,MI,LEANDRO N. ALEM,3,SI,SI,NO,87.8,86,73.5,85.4,17.1,86.8,5.2,3.3,74.2,58.9,83.5,39.8,NO,SI
337,MISIONES,MI,LIBERTADOR GENERAL SAN MARTIN,3,SI,SI,NO,85.1,88.8,85.2,86.5,18.8,88.6,24.6,3.7,70.4,55.4,83.9,38.7,SI,SI
338,MISIONES,MI,MONTECARLO,2,SI,SI,NO,85,87.1,80.9,86.8,17.2,88.1,26.5,2.9,76.7,50.2,84,35.8,NO,SI
339,MISIONES,MI,OBERA,6,SI,NO,NO,89.4,85,76.7,85,19,85.5,28.7,4.1,69.7,67.5,86.5,46.4,SI,SI
340,MISIONES,MI,SAN IGNACIO,4,SI,SI,NO,82.6,86.1,85.2,85,14.8,85.9,5.2,2.8,75.1,54.4,83,37.6,SI,SI
341,MISIONES,MI,SAN JAVIER,2,SI,SI,NO,86,86.3,74.8,82.4,14.5,83.2,12.5,3.8,81.3,55,82.4,33.3,NO,NO
342,MISIONES,,SAN PEDRO,0,NO,SI,NO,84.3,73.6,46.4,64.8,10.7,67.5,2.1,1.9,83.7,54.1,76.4,26.5,SI,SI
343,MISIONES,MI,25 DE MAYO,2,SI,SI,NO,91.1,85.9,53.1,79.2,14.6,81.1,2.8,1.8,81.9,44.4,78.2,23.8,NO,NO
344,NEUQUEN,NQN,ALUMINE,1,SI,SI,NO,86.5,91.3,75.3,93.5,14.8,92.9,43.7,63.9,62.5,79.1,86.1,55.4,NO,NO
345,NEUQUEN,NQN,AÑELO,2,SI,SI,NO,82.7,89.3,80.7,92.8,11.9,92.7,61.5,68.8,56.1,67.1,87.7,41.6,NO,SI
346,NEUQUEN,NQN,CATAN LIL,0,NO,SI,NO,73.2,76.4,47.2,75.4,7.5,78,26.1,48.1,74.2,54.1,65.1,29.7,SI,SI
347,NEUQUEN,NQN,CHOS MALAL,2,SI,SI,NO,89.9,95.6,93.6,96.3,16.8,98.1,73.7,89,62.6,78.7,87.2,60.6,NO,SI
348,NEUQUEN,NQN,COLLON CURA,1,SI,SI,NO,86.5,93.8,89.4,94.5,18.5,93.6,83,90.2,62.4,68.2,82.7,55.2,NO,SI
349,NEUQUEN,NQN,CONFLUENCIA,45,SI,NO,NO,92.4,96.1,95.7,97.7,27.7,96.4,81.2,90.2,62.3,81.4,92.5,67.7,SI,SI
350,NEUQUEN,NQN,HUILICHES,1,SI,SI,NO,90,93.3,87,92.9,18.1,94.9,80.9,84.6,53.8,75.8,88.8,60.5,NO,NO
351,NEUQUEN,NQN,LACAR,5,SI,NO,NO,94.5,96.6,90.5,97.5,31.6,97.8,80,89.6,54.5,85.7,93.4,73.1,NO,NO
352,NEUQUEN,NQN,LONCOPUE,1,SI,SI,NO,81.6,89.6,86.1,91.9,12.5,92.7,76.2,76.9,68.8,61.1,81.5,45.4,SI,SI
353,NEUQUEN,NQN,LOS LAGOS,3,SI,SI,NO,93.7,97.9,91.8,98.6,34.1,98.2,19.1,86.5,51.1,76.3,93.4,73.4,SI,NO
354,NEUQUEN,NQN,MINAS,1,SI,SI,NO,86.1,95.3,86.4,96.4,10.4,97.3,51.6,74.3,72.8,67.8,74.6,49.8,NO,NO
355,NEUQUEN,NQN,ÑORQUIN,0,NO,SI,NO,82.6,92.7,86.6,92.7,10.2,93.8,45.6,73.3,73.5,56.6,72.2,44.7,SI,SI
356,NEUQUEN,NQN,PEHUENCHES,3,SI,SI,NO,89.4,94.2,85.3,97.6,16.1,96.2,62,88.3,62.6,68,90.1,56.2,NO,NO
357,NEUQUEN,NQN,PICUN LEUFU,1,SI,SI,NO,86.2,90.5,82.3,96.6,12.2,92.9,69.4,68.4,70.7,57.7,79.6,44.1,NO,SI
358,NEUQUEN,NQN,PICUNCHES,1,SI,SI,NO,84.5,92.6,88.7,95.7,12.1,95.2,63.5,78.8,64.9,73.5,86.1,52.9,NO,NO
359,NEUQUEN,NQN,ZAPALA,4,SI,SI,NO,88.5,94,94.3,94.8,18.6,95.4,84.8,89,65.1,69.7,87.7,57,SI,SI
360,RIO NEGRO,RN,ADOLFO ALSINA,9,SI,NO,NO,93.4,96.4,96.6,97.7,26.5,96.7,88.4,92.2,59.2,86,92.9,69.4,NO,NO
361,RIO NEGRO,RN,AVELLANEDA,6,SI,NO,NO,92,95.5,92.9,96.8,17.5,96.5,83.5,88.3,62.4,72.2,89.2,55.1,NO,NO
362,RIO NEGRO,RN,BARILOCHE,14,SI,NO,NO,93.9,95.9,91.8,96.6,24.2,96,58.9,86.9,60.7,74.9,92.1,67.7,NO,NO
363,RIO NEGRO,RN,CONESA,2,SI,SI,NO,92.4,94.8,91.3,95.9,14.4,94.8,45,87.7,66.6,76,86.1,52.3,SI,SI
364,RIO NEGRO,RN,EL CUY,0,NO,SI,NO,72.6,78.2,55.5,89.5,10.4,80.7,1.9,3.1,77.2,53.2,75,40.3,SI,SI
365,RIO NEGRO,RN,GENERAL ROCA,35,SI,NO,NO,91.7,94.2,93.3,96.6,24.3,94.3,76.2,85.5,62.2,77.4,90.7,61.3,NO,SI
366,RIO NEGRO,RN,9 DE JULIO,0,NO,SI,NO,81.3,83.9,72.7,89.3,7.2,87.9,3.7,58.6,73.8,61.3,69.9,41.2,NO,NO
367,RIO NEGRO,RN,ÑORQUINCO,0,NO,SI,NO,69.6,68,62.1,64,5.6,59.3,0.9,40.4,71.7,27.4,43.6,23.4,NO,NO
368,RIO NEGRO,RN,PICHI MAHUIDA,3,SI,SI,NO,94.9,96.5,89.1,97.8,18.2,97.3,55.2,91.4,68.1,64.5,88.6,52.9,NO,NO
369,RIO NEGRO,RN,PILCANIEYEU,0,NO,SI,NO,91,94.1,88.4,94.3,27.2,94,8.4,82.7,66.5,76.1,86.8,68.4,SI,NO
370,RIO NEGRO,RN,SAN ANTONIO,6,SI,NO,NO,93.3,97,98.3,98.3,18.5,96.6,56.3,92,59,81.3,91.8,61.4,SI,NO
371,RIO NEGRO,RN,VALCHETA,0,NO,SI,NO,85.9,88.7,85.8,92.9,11.2,92.4,43.8,85.8,68.8,70.6,75.8,46.2,NO,SI
372,RIO NEGRO,RN,25 DE MAYO,3,SI,SI,NO,85.1,92.3,89.5,91.3,10.1,90.7,22.5,83.8,67.9,67.2,81.1,47.8,SI,SI
373,SALTA,SA,ANTA,3,SI,SI,NO,60.2,73.6,89.5,71,12.7,82.2,41.3,19.7,76.9,45.7,77.4,32.9,NO,SI
374,SALTA,SA,CACHI,1,SI,SI,NO,57.4,69.7,76.1,68.4,15.6,81.3,35.3,4,68.7,45.4,73.5,34,NO,SI
375,SALTA,SA,CAFAYATE,2,SI,SI,NO,69.1,91.7,89.9,88.1,26.7,96.7,87,5.3,63.1,73.1,85.4,50.2,SI,SI
376,SALTA,SA,CAPITAL,28,SI,NO,NO,81.9,94.2,96.4,91.2,32.2,94.5,89.9,70.8,65.1,83.7,90.7,62.8,SI,SI
377,SALTA,SA,CERRILLOS,1,SI,SI,NO,68.8,81.6,89.8,76.6,19.7,86.6,48.2,38.1,70.7,66.5,86.5,46.2,SI,NO
378,SALTA,SA,CHICOANA,1,SI,SI,NO,69.2,78.9,89,72,17,88.1,49.2,21.7,62.7,50.4,80.7,42.3,NO,SI
379,SALTA,SA,GENERAL GUEMES,6,SI,NO,NO,72.2,88,94.6,81.6,18,90.8,65.6,48.8,69.5,59.2,81.9,41.8,SI,NO
380,SALTA,SA,GENERAL JOSE DE SAN MARTIN,4,SI,SI,NO,58.9,72,90.2,65.4,17.6,73.5,62,43,77.9,46.1,74.5,34.8,NO,SI
381,SALTA,SA,GUACHIPAS,0,NO,SI,NO,62.3,73.9,68.8,69.1,15.3,93.6,54.9,0.9,59.9,36.1,61.4,34.5,NO,NO
382,SALTA,SA,IRUYA,0,NO,SI,NO,49.6,50.2,63.6,44.3,13.9,65.8,28.4,1.9,76.7,48.2,60.4,30,SI,SI
383,SALTA,SA,LA CALDERA,0,NO,SI,NO,81.7,84.2,70.5,88.5,36.2,93.8,3.9,37.9,72.7,72.3,88.3,62.2,SI,NO
384,SALTA,SA,LA CANDELARIA,0,NO,SI,NO,65.2,77.3,91.5,75.9,12,89,10.8,2.5,72.3,19.9,76.2,31.5,NO,SI
385,SALTA,SA,LA POMA,0,NO,SI,NO,44.7,53.3,54.5,49.6,13.3,62.3,18,7.7,77.1,40,53.4,28.9,SI,NO
386,SALTA,SA,LA VIÑA,0,NO,SI,NO,66.3,79.5,87.8,75.1,14.8,88,39.7,14.5,68.9,44.4,80.9,41.3,NO,NO
387,SALTA,SA,LOS ANDES,1,SI,SI,NO,56.9,79.1,88.3,67.7,13.6,75.8,69.3,50.9,64.1,71.1,81.2,44.4,SI,NO
388,SALTA,SA,METAN,2,SI,SI,NO,73.2,85.8,92.8,82.2,20.2,91.4,79,44.8,69.7,55.6,81.4,41.7,NO,SI
389,SALTA,SA,MOLINOS,0,NO,SI,NO,42.7,73.6,65.9,71.2,14.6,84.7,30.7,1.6,72,52.7,75.4,42.7,SI,SI
390,SALTA,SA,ORAN,6,SI,NO,NO,67.4,75,91.2,64.2,17.2,79,75.8,34.9,77.7,42.1,77.4,34.7,NO,SI
391,SALTA,SA,RIVADAVIA,0,NO,SI,NO,23.2,30.7,62.6,30.1,10.3,40.1,6.1,1.8,88.9,18.1,43.6,15.2,NO,SI
392,SALTA,SA,ROSARIO DE LA FRONTERA,2,SI,SI,NO,71.6,84.8,89.5,82.3,17.6,87.8,76.3,46.5,73,44.8,76.6,37.1,NO,NO
393,SALTA,SA,ROSARIO DE LERMA,2,SI,SI,NO,71.7,82.9,87.6,79.5,22.9,88.9,36.2,41.2,70.2,59.7,84.1,50.7,NO,NO
394,SALTA,SA,SAN CARLOS,0,NO,SI,NO,55,69.3,57.8,67.7,16.1,80.4,54.3,2.3,62,57.3,71.9,34.7,NO,SI
395,SALTA,SA,SANTA VICTORIA,0,NO,SI,NO,38.2,49.6,60.7,46.6,11.5,67,35.1,1.5,81.5,41.3,51.3,29.2,NO,SI
396,SANTA CRUZ,SC,CORPEN AIKE,5,SI,NO,NO,96,98.8,98.6,99.5,23,99.2,82,97.9,51.9,83.3,93.6,67.7,NO,SI
397,SANTA CRUZ,SC,DESEADO,17,SI,NO,NO,95.3,96.3,82.6,98.7,20.2,96.6,75.5,95.9,60.7,80.5,92.9,63,NO,NO
398,SANTA CRUZ,SC,GUER AIKE,15,SI,NO,NO,96.2,98.1,92.6,98.9,28.4,98.2,86.5,97.1,57.6,90.4,95,72.2,NO,NO
399,SANTA CRUZ,SC,LAGO ARGENTINO,6,SI,NO,NO,94.1,98.4,98.4,98.7,21.8,98.8,71.3,94.4,50.9,88.2,94.2,72.2,NO,NO
400,SANTA CRUZ,SC,LAGO BUENOS AIRES,3,SI,SI,NO,95.5,97.6,95.5,99.2,15.1,98.5,79.5,81.9,53.5,87.6,93.2,61.3,NO,SI
401,SANTA CRUZ,SC,MAGALLANES,2,SI,SI,NO,94.6,97.6,97.7,98.9,23.4,97.7,87.9,95.7,57.5,85.9,93.6,67.1,NO,SI
402,SANTA CRUZ,SC,RIO CHICO,1,SI,SI,NO,94.2,98.2,93.1,98.8,16.1,98.4,88,87.1,55.8,90.9,92.1,60.7,SI,SI
403,SANTIAGO DEL ESTERO,SE,AGUIRRE,1,SI,SI,NO,64.4,53.8,33.8,75.4,11.2,58.2,1.9,1.4,81.2,25.4,79.1,30.1,SI,NO
404,SANTIAGO DEL ESTERO,SE,ALBERDI,1,SI,SI,NO,46.3,36,46.2,54.7,14.3,46.1,0.8,1.2,88.5,36.7,68.1,23.1,SI,NO
405,SANTIAGO DEL ESTERO,SE,ATAMISQUI,1,SI,SI,NO,47.9,28.5,50.3,48.5,17.5,36.1,0.8,1.1,94,23.8,76.3,21.1,NO,SI
406,SANTIAGO DEL ESTERO,SE,AVELLANEDA,1,SI,SI,NO,44.6,36,43.6,55.5,12.9,40.1,1.2,1.1,88.2,21.1,73.3,19.6,SI,SI
407,SANTIAGO DEL ESTERO,SE,BANDA,6,SI,NO,NO,77.3,79.5,93.5,83.4,15.7,80.7,32.8,29.5,84.5,56.1,82.3,42.1,SI,NO
408,SANTIAGO DEL ESTERO,SE,BELGRANO,2,SI,SI,NO,81.2,64.9,19.2,86.9,15.8,72.2,1.9,2.4,73.1,60.6,86.1,42.9,NO,NO
409,SANTIAGO DEL ESTERO,SE,CAPITAL,14,SI,NO,NO,86.2,89,97.4,89.6,22.7,89.1,50.3,57.3,78.8,76.7,89.2,56.7,SI,NO
410,SANTIAGO DEL ESTERO,SE,CHOYA,3,SI,SI,NO,72.7,80.5,90.9,84,18.2,82.3,56.1,34.3,80,41.8,78.8,39.2,NO,NO
411,SANTIAGO DEL ESTERO,SE,COPO,3,SI,SI,NO,47.7,41,61.9,56.4,10.6,49.6,1.9,1.1,87.5,41.4,72.3,24.6,NO,NO
412,SANTIAGO DEL ESTERO,SE,FIGUEROA,0,NO,SI,NO,34,26,33.9,42.1,12.5,32.4,0.4,0.9,94.3,11.4,60.8,10.8,SI,SI
413,SANTIAGO DEL ESTERO,SE,GENERAL TABOADA,3,SI,SI,NO,66.9,50.9,74.9,69.9,14.9,57.4,1.4,1.6,83.9,45.8,81,34.8,NO,SI
414,SANTIAGO DEL ESTERO,SE,GUASAYAN,0,NO,SI,NO,50.5,60,80.4,71.7,14.8,65.2,1,2.7,87.5,19.6,69.7,22.1,SI,SI
415,SANTIAGO DEL ESTERO,SE,JIMENEZ,1,SI,SI,NO,52.3,57,77.1,68.5,14.2,63.7,1.6,1.6,89.9,18.5,73.5,24.3,NO,NO
416,SANTIAGO DEL ESTERO,SE,JUAN F IBARRA,1,SI,SI,NO,47.9,39,68.9,56.92,13.9,47.4,1.1,1.4,90.7,24.5,71.8,26.2,NO,NO
417,SANTIAGO DEL ESTERO,SE,LORETO,1,SI,SI,NO,60.7,55.5,67.2,66.7,15.1,60.9,2,1.5,88.8,24.9,79.8,29.7,SI,NO
418,SANTIAGO DEL ESTERO,SE,MITRE,0,NO,SI,NO,23.8,8.4,3,48.1,19.3,13,0.7,0.4,88.7,12.1,72.3,16.7,SI,SI
419,SANTIAGO DEL ESTERO,SE,MORENO,3,SI,SI,NO,56.4,56.2,68.3,70.6,12.4,61.6,2.9,1.6,83.1,29.7,79,28.7,SI,NO
420,SANTIAGO DEL ESTERO,SE,OJO DE AGUA,1,SI,SI,NO,65.2,60,40.4,78.6,10.9,70.8,1,1.9,84.5,10.4,76.8,25.7,NO,NO
421,SANTIAGO DEL ESTERO,SE,PELLEGRINI,1,SI,SI,NO,45.7,47.3,71.4,63,7.1,54,2.1,1.6,89.7,25.8,70.7,19.4,SI,NO
422,SANTIAGO DEL ESTERO,SE,QUEBRACHOS,1,SI,SI,NO,54.6,64.5,66.7,72,18.3,68.1,4.1,2.2,84.1,16.1,73.7,23.8,NO,SI
423,SANTIAGO DEL ESTERO,SE,RIO HONDO,2,SI,SI,NO,66.1,66.2,59.4,78.02,20,71.8,59.6,13.8,87,29,71.5,28.4,SI,NO
424,SANTIAGO DEL ESTERO,SE,RIVADAVIA,1,SI,SI,NO,79.9,84,34.6,91.09,18.2,87.5,1.7,2.7,67,68,88.9,49.4,SI,NO
425,SANTIAGO DEL ESTERO,SE,ROBLES,4,SI,SI,NO,66.3,68.3,90.5,75.53,10.1,73.6,10,2.9,85.3,24.5,79.7,32.1,SI,SI
426,SANTIAGO DEL ESTERO,SE,SALAVINA,1,SI,SI,NO,39.7,27,33.1,46.06,11.6,35,12,0.8,92.1,13.8,66.9,19.4,SI,SI
427,SANTIAGO DEL ESTERO,SE,SAN MARTIN,1,SI,SI,NO,39,25.7,47.8,43,15.9,30.1,1.5,0.5,91.6,11.8,68.8,20.9,NO,SI
428,SANTIAGO DEL ESTERO,SE,SARMIENTO,1,SI,SI,NO,39.5,33.2,55.2,56.5,7.1,41.5,0.6,0.5,90.5,9.7,72.7,16.2,NO,NO
429,SANTIAGO DEL ESTERO,SE,SILIPICA,0,NO,SI,NO,45.6,42.2,70.4,55,9.6,50.5,0.7,1.1,91.6,15.6,67.6,23,SI,SI
430,SANTA FE,SF,BELGRANO,8,SI,NO,NO,94.5,95.4,86.6,97.4,25.8,95.9,76.4,59.5,70.9,79.1,89.7,57.1,NO,SI
431,SANTA FE,SF,CASEROS,24,SI,NO,NO,93.2,96.7,84.5,98.1,29.8,96.2,57,56.1,71.6,77.7,88.5,59.1,NO,SI
432,SANTA FE,SF,CASTELLANOS,28,SI,NO,NO,93.6,94.1,81.5,96.1,25,95.3,62.2,33,62.1,83.6,91.2,62.8,SI,NO
433,SANTA FE,SF,CONSTITUCION,19,SI,NO,NO,89.7,95.2,95.1,96.6,23.5,93.8,56.8,50.2,71.5,77.6,88,57.3,SI,NO
434,SANTA FE,SF,GARAY,1,SI,SI,NO,66.9,78.5,55.3,90.2,14.8,80.2,3,1.8,73.4,52.9,83.7,40.3,SI,NO
435,SANTA FE,SF,GENERAL LOPEZ,38,SI,NO,NO,91.9,94.5,62.9,97.8,23.1,94.7,48.4,58.1,65.6,80,89.7,58.3,NO,SI
436,SANTA FE,SF,GENERAL OBLIGADO,16,SI,NO,NO,75.6,88.6,82.8,92.6,15.7,84.7,46.6,6.5,71.3,72.6,86.1,51,NO,SI
437,SANTA FE,SF,IRIONDO,17,SI,NO,NO,91.9,95.8,87.4,96.9,23,95.5,68.6,51.1,68.8,78.2,88.5,56,NO,NO
438,SANTA FE,SF,LA CAPITAL,148,SI,NO,SI,87.3,93.8,87.6,96.7,26,90.9,57.8,48.8,65.3,81.9,90.9,64.8,SI,NO
439,SANTA FE,SF,LAS COLONIAS,22,SI,NO,NO,94.1,96.6,89.5,97.5,24.3,96.8,65.6,55.5,63,80.3,89.5,62.3,NO,SI
440,SANTA FE,SF,9 DE JULIO,3,SI,SI,NO,76.2,68.2,37.6,82.8,15.9,73,11.7,6.3,69.2,61.3,82.9,42.2,SI,NO
441,SANTA FE,SF,ROSARIO,24,SI,NO,NO,90.3,95.2,94,97.2,26.3,92.3,74.5,68.9,62.6,79.7,91.3,64.3,SI,SI
442,SANTA FE,SF,SAN CRISTOBAL,18,SI,NO,NO,88,86.4,36.2,90.8,21.6,89.3,29,4.5,63.2,70.6,85.9,49.2,NO,NO
443,SANTA FE,SF,SAN JAVIER,3,SI,SI,NO,69.7,81.9,73.5,88.1,14,80.1,18,1.9,73.7,57.8,81.9,40.1,NO,NO
444,SANTA FE,SF,SAN JERONIMO,12,SI,NO,NO,88.1,91.7,86.3,95.6,20.7,92.1,48.7,33.5,71,76.6,87.1,53.2,NO,NO
445,SANTA FE,SF,SAN JUSTO,8,SI,NO,NO,85.3,95.1,93,96.2,20.4,91.3,51.9,4.3,67.5,70.2,84.3,49.5,NO,SI
446,SANTA FE,SF,SAN LORENZO,28,SI,NO,NO,89.3,94.8,90.9,97.4,24.5,92.6,43,54.2,71.4,78.2,90.2,57.8,SI,NO
447,SANTA FE,SF,SAN MARTIN,24,SI,NO,NO,93.2,94.1,39.9,97,26.4,95.6,69.5,48.6,68.3,79.4,88.5,58.3,SI,SI
448,SANTA FE,SF,VERA,7,SI,NO,NO,71,83.7,87.1,88.4,15.1,78.5,34.5,2.4,71.7,65.9,82.1,41.7,SI,NO
449,SAN JUAN,SJ,ALBARDON,0,NO,SI,NO,71.5,88.5,94.2,86.1,10.2,91.8,20.4,22.1,69.1,61.7,83.1,39,SI,SI
450,SAN JUAN,SJ,ANGACO,0,NO,SI,NO,64.5,85.8,91.2,83,6.6,86.5,33.2,10.8,61.8,60.8,84.1,34.9,SI,NO
451,SAN JUAN,SJ,CALINGASTA,1,SI,SI,NO,72.8,92,94.4,92.8,10.6,96,2.5,3.5,63.7,49,82,43.1,NO,SI
452,SAN JUAN,SJ,CAPITAL,18,SI,NO,NO,93.9,97.8,97.9,96.7,31.2,98.5,86.8,87,52,77.5,90.5,65.3,SI,NO
453,SAN JUAN,SJ,CAUCETE,2,SI,SI,NO,72.4,85.4,91.7,85.4,11,87.7,67.2,50.7,62.7,58.7,81.4,38.3,NO,SI
454,SAN JUAN,SJ,CHIMBAS,0,NO,SI,NO,79.6,94.4,96.1,91.8,10.7,95,30,58.6,69.1,57.5,85,40.5,NO,NO
455,SAN JUAN,SJ,IGLESIA,0,NO,SI,NO,67.5,89.2,95.3,88.3,10.4,96,14.9,2.9,68.6,52.1,80.5,43.4,NO,NO
456,SAN JUAN,SJ,JACHAL,2,SI,SI,NO,76.9,89.9,93.1,87.6,11.8,94.4,17.3,4.1,63.1,60,81.3,43.6,NO,SI
457,SAN JUAN,SJ,9 DE JULIO,0,NO,SI,NO,67.7,81.6,87,83.1,6.9,84.2,24.4,10,67.7,53.9,82.2,32.2,SI,SI
458,SAN JUAN,SJ,POCITO,1,SI,SI,NO,71.4,88.2,89.1,87.2,9.4,89.1,30.9,45,68.9,53,85.1,39.9,NO,SI
459,SAN JUAN,SJ,RAWSON,3,SI,SI,NO,83.8,94.6,94.4,92.6,14.7,95.7,51.3,66.9,63.8,65.1,87.1,48.8,SI,SI
460,SAN JUAN,SJ,RIVADAVIA,3,SI,SI,NO,88.1,95.6,98,94.6,25.8,96.2,43.9,76.6,63.9,73.9,89.8,62.2,NO,SI
461,SAN JUAN,SJ,SAN MARTIN,0,NO,SI,NO,71.2,87.9,88.1,86.1,7,89,40.6,2.9,62.6,54.2,81.9,32.1,SI,SI
462,SAN JUAN,SJ,SANTA LUCIA,0,NO,SI,NO,84.2,95.3,97.5,92.6,21.5,95.5,66.6,66.3,62.3,67.2,87.9,53.5,SI,SI
463,SAN JUAN,SJ,SARMIENTO,2,SI,SI,NO,68.3,78.2,88.7,82.7,7.8,82.9,29.3,3.7,69.1,56.1,82.4,34.4,NO,SI
464,SAN JUAN,SJ,ULLUM,0,NO,SI,NO,66.4,86.4,92.8,89.5,6.8,87.9,9.8,5.3,72.7,53.6,81.9,32.1,SI,SI
465,SAN JUAN,SJ,VALLE FERTIL,0,NO,SI,NO,59.3,89,88,88.8,13.3,95.2,6.6,4.1,75.1,48.1,79.7,35.6,SI,SI
466,SAN JUAN,SJ,25 DE MAYO,1,SI,SI,NO,62.4,71.1,80,74.6,5.7,74.7,29.6,2.8,70.6,52.9,77.2,28.5,SI,SI
467,SAN JUAN,SJ,ZONDA,0,NO,SI,NO,75.3,91.4,90.1,91,9.9,94.1,3.1,6.6,73.5,56.8,87.9,39.3,NO,SI
468,SAN LUIS,SL,AYACUCHO,2,SI,SI,NO,69.7,86.9,92,89.2,11.9,90.4,39.4,12.7,65,72.8,84.2,45.3,SI,SI
469,SAN LUIS,SL,BELGRANO,0,NO,SI,NO,60.9,79.8,64.4,85.1,13.9,83.3,21.1,4.4,69.8,68.9,77.5,37,SI,SI
470,SAN LUIS,SL,CHACABUCO,4,SI,SI,NO,86,94.8,92.7,95.6,14.8,95.8,59.2,44.8,63.8,78.3,88.6,50.8,SI,SI
471,SAN LUIS,SL,CORONEL PRINGLES,1,SI,SI,NO,83.4,93,88.8,93.7,11.8,94.1,52,33.2,62.6,72.3,84.8,48.1,NO,SI
472,SAN LUIS,SL,GENERAL PEDERNERA,14,SI,NO,NO,89.9,96.5,94.3,97.5,18.7,95.3,89.7,63.1,62.3,82.8,91,58.1,NO,SI
473,SAN LUIS,SL,GOBERNADOR DUPUY,4,SI,SI,NO,75.7,92.1,71.4,95.6,10,93.8,31.3,1.8,68.2,71.4,86.3,44,SI,SI
474,SAN LUIS,SL,JUAN MARTIN DE PUEYRREDON,14,SI,NO,NO,91.1,96.4,95.9,96.8,19.9,96.2,88.6,67,62.7,79.1,91.7,61,NO,SI
475,SAN LUIS,SL,JUNIN,3,SI,SI,NO,89.6,95.9,95.3,97.3,21.5,96.8,12.3,37,59.3,76.7,90.1,60.4,SI,NO
476,SAN LUIS,SL,LIBERTADOR GENERAL SAN MARTIN,0,NO,SI,NO,54.7,63.7,51.6,69.9,7.8,78.2,34.1,1.5,71.3,59.4,66.9,30.1,SI,NO
477,TIERRA DEL FUEGO,TF,RIO GRANDE,8,SI,NO,NO,95.1,97.4,97,99.3,24.8,98,95.8,88.4,59.7,82.9,94.9,72.4,NO,NO
478,TIERRA DEL FUEGO,TF,TOLHUIN,1,SI,SI,NO,92.4,87.8,78.1,97.7,13.3,92.8,68.2,75.4,59.1,51.9,93.1,57.2,SI,NO
479,TIERRA DEL FUEGO,TF,USHUAIA,13,SI,NO,NO,95.1,94.8,91.5,98.4,23.4,97.4,87.8,87.3,51.1,87.1,95.7,76.4,SI,NO
480,TUCUMAN,TU,BURRUYACU,1,SI,SI,NO,61.7,69.2,74.6,78,11.3,77,4.1,1.1,85,29.5,79.8,26.8,SI,SI
481,TUCUMAN,TU,CAPITAL,40,SI,NO,NO,85,93.8,95.4,92.8,31.4,92.3,86.8,68.5,61.7,77.2,89.3,58,SI,SI
482,TUCUMAN,TU,CHICLIGASTA,9,SI,NO,NO,73,88.1,94.5,87.2,20.9,90.1,58.6,31.4,81,65.2,84.9,44.3,NO,SI
483,TUCUMAN,TU,CRUZ ALTA,4,SI,SI,NO,71.8,81.3,88.8,83.4,14.7,79,11.3,19.6,82.5,54.6,82.9,36.5,NO,NO
484,TUCUMAN,TU,FAMAILLA,2,SI,SI,NO,73.3,86,92.3,83.6,15.2,89,59.2,25.3,79.6,52.6,82.8,38.5,NO,SI
485,TUCUMAN,TU,GRANEROS,0,NO,SI,NO,53.6,66,82.5,71.7,11.3,74.4,1.7,1.5,84.6,36.9,74.5,26.8,NO,NO
486,TUCUMAN,TU,JUAN BAUTISTA ALBERDI,0,NO,SI,NO,72.5,85.8,89.3,87.3,16.3,87.5,55.7,36.6,80.9,52,82.1,40.4,SI,SI
487,TUCUMAN,TU,LA COCHA,2,SI,SI,NO,64.3,81.1,92.1,83.9,10.8,86.1,1.3,0.9,85.3,47.8,80.6,35.8,NO,SI
488,TUCUMAN,TU,LEALES,1,SI,SI,NO,69.4,77.8,80.7,80.6,15.6,84.3,20.9,13.7,86.9,41.7,79.6,32.6,SI,SI
489,TUCUMAN,TU,LULES,2,SI,SI,NO,75.2,86.5,88.7,86.8,21,87.1,52.7,35.6,80.2,68.7,86.3,44.9,SI,SI
490,TUCUMAN,TU,MONTEROS,2,SI,SI,NO,75.8,87.6,94,88.7,17.3,90.8,37.5,27.5,82.8,67.7,84.9,44,NO,NO
491,TUCUMAN,TU,RIO CHICO,2,SI,SI,NO,72.8,88.4,94.4,89.2,20.4,90.1,54.1,30.9,83.6,56.2,82,41.1,SI,NO
492,TUCUMAN,TU,SIMOCA,1,SI,SI,NO,59.5,70.1,73.5,77,16.4,80,15,12.1,83.8,47,76.8,29.6,SI,SI
493,TUCUMAN,TU,TAFI DEL VALLE,1,SI,SI,NO,63,79.6,73.7,85.1,16.9,86.1,1.4,2.5,82.4,46.3,79.9,35.7,NO,NO
494,TUCUMAN,TU,TAFI VIEJO,3,SI,SI,NO,78.3,89.8,87,89.7,24.7,89,42.2,48.2,76.3,66.8,87.2,52,NO,NO
495,TUCUMAN,TU,TRANCAS,1,SI,SI,NO,57.2,71.8,81,72.3,13.8,79.5,2.7,18,75.3,38.5,79,32.4,SI,NO
496,TUCUMAN,TU,YERBA BUENA,0,NO,SI,NO,88.9,95.3,88.8,95.4,49.6,95.4,62.1,68.7,75.7,84.2,92.4,68.1,SI,NO
